date,time,milk,sugar
2020-01-01,9:42,0,4
2020-01-01,9:57,0,4
2020-01-01,6:42,0,2
2020-01-01,4:28,1,1
2020-01-01,3:2,0,0
2020-01-01,18:54,1,0
2020-01-01,14:51,0,2
2020-01-01,12:16,2,4
2020-01-01,17:37,1,3
2020-01-01,10:30,1,4
2020-01-01,23:8,0,0
2020-01-01,8:23,1,0
2020-01-01,10:55,1,1
2020-01-01,20:29,1,0
2020-01-01,4:55,1,2
2020-01-01,18:27,1,2
2020-01-01,20:27,0,0
2020-01-01,1:5,1,3
2020-01-01,4:56,0,1
2020-01-01,1:54,0,2
2020-01-01,13:48,1,2
2020-01-01,15:21,2,4
2020-01-01,23:29,2,3
2020-01-01,9:36,2,3
2020-01-01,1:53,0,4
2020-01-01,14:59,2,4
2020-01-01,21:29,2,0
2020-01-01,5:21,0,1
2020-01-01,1:40,0,1
2020-01-01,13:53,2,2
2020-01-01,11:28,1,4
2020-01-01,6:58,0,1
2020-01-01,17:7,0,4
2020-01-01,14:35,0,0
2020-01-01,2:25,2,2
2020-01-01,1:56,1,1
2020-01-01,23:36,0,4
2020-01-01,11:35,1,2
2020-01-01,23:4,2,0
2020-01-01,6:43,1,3
2020-01-01,9:16,1,2
2020-01-01,7:55,0,1
2020-01-01,23:57,2,0
2020-01-01,13:22,1,2
2020-01-01,17:47,1,2
2020-01-01,22:57,0,2
2020-01-01,3:2,1,2
2020-01-01,13:21,1,3
2020-01-01,18:48,1,0
2020-01-01,11:33,2,0
2020-01-01,20:55,1,0
2020-01-01,22:44,1,4
2020-01-01,1:12,2,3
2020-01-01,12:40,1,2
2020-01-01,18:36,2,3
2020-01-01,2:47,2,1
2020-01-01,19:36,1,2
2020-01-01,3:31,2,3
2020-01-01,16:16,2,3
2020-01-01,5:30,1,2
2020-01-01,13:20,1,1
2020-01-01,23:52,0,3
2020-01-01,9:19,1,3
2020-01-01,10:50,1,1
2020-01-01,9:43,2,1
2020-01-01,8:44,2,1
2020-01-01,11:38,2,3
2020-01-01,22:5,2,1
2020-01-01,13:53,0,2
2020-01-01,3:8,1,0
2020-01-01,3:30,0,3
2020-01-01,4:55,2,1
2020-01-01,4:34,0,1
2020-01-01,8:50,0,1
2020-01-01,13:27,1,4
2020-01-01,11:47,1,0
2020-01-01,12:34,2,1
2020-01-01,5:38,2,1
2020-01-01,16:4,2,0
2020-01-01,0:55,2,2
2020-01-01,21:43,0,2
2020-01-01,22:56,2,2
2020-01-01,4:19,2,4
2020-01-01,3:27,1,1
2020-01-01,18:15,0,2
2020-01-01,18:3,0,2
2020-01-01,20:31,0,2
2020-01-01,0:49,1,0
2020-01-01,18:7,0,3
2020-01-01,7:6,0,4
2020-01-01,7:9,2,1
2020-01-01,21:47,2,3
2020-01-01,13:40,1,2
2020-01-01,5:6,1,2
2020-01-01,13:22,1,1
2020-01-01,16:7,2,2
2020-01-01,2:32,1,4
2020-01-01,9:6,2,3
2020-01-01,17:30,1,3
2020-01-01,4:8,1,4
2020-01-02,20:56,0,4
2020-01-02,22:48,1,3
2020-01-02,9:27,1,1
2020-01-02,23:59,2,4
2020-01-02,3:46,0,3
2020-01-02,9:1,2,0
2020-01-02,8:9,1,2
2020-01-02,23:20,1,0
2020-01-02,14:31,0,2
2020-01-02,17:0,1,2
2020-01-02,22:44,0,0
2020-01-02,11:56,2,1
2020-01-02,13:16,2,3
2020-01-02,13:49,2,0
2020-01-02,12:49,0,2
2020-01-02,22:15,2,2
2020-01-02,8:53,0,1
2020-01-02,10:21,2,0
2020-01-02,23:17,2,2
2020-01-02,13:38,1,0
2020-01-02,3:58,2,3
2020-01-02,17:42,1,3
2020-01-02,21:39,2,1
2020-01-02,9:1,0,1
2020-01-02,5:14,1,2
2020-01-02,6:6,1,4
2020-01-02,6:39,0,1
2020-01-02,21:17,2,3
2020-01-02,21:3,1,0
2020-01-02,21:28,2,4
2020-01-02,16:47,0,0
2020-01-02,3:55,1,1
2020-01-02,8:14,0,1
2020-01-02,11:41,2,2
2020-01-02,4:9,1,0
2020-01-02,8:47,0,3
2020-01-02,6:2,0,3
2020-01-02,20:58,2,4
2020-01-02,17:4,0,4
2020-01-02,8:41,0,2
2020-01-02,0:45,1,4
2020-01-02,14:34,1,1
2020-01-02,16:56,1,1
2020-01-02,12:14,0,2
2020-01-02,21:5,0,4
2020-01-02,6:56,2,3
2020-01-02,10:7,2,0
2020-01-02,3:22,1,3
2020-01-02,20:44,1,0
2020-01-02,13:23,0,3
2020-01-02,8:50,1,1
2020-01-02,4:1,1,2
2020-01-02,23:9,0,0
2020-01-02,6:53,0,2
2020-01-02,9:2,1,4
2020-01-02,8:8,2,1
2020-01-02,17:21,2,1
2020-01-02,5:17,1,1
2020-01-02,3:0,2,3
2020-01-02,13:28,0,0
2020-01-02,22:11,2,3
2020-01-02,10:54,1,3
2020-01-02,1:58,2,0
2020-01-02,10:20,1,3
2020-01-02,10:19,0,3
2020-01-02,5:8,0,4
2020-01-02,1:23,0,4
2020-01-02,15:49,1,3
2020-01-02,13:7,1,0
2020-01-02,14:32,0,2
2020-01-02,21:51,1,1
2020-01-02,17:21,0,3
2020-01-02,21:16,2,2
2020-01-02,17:6,1,2
2020-01-02,21:23,2,3
2020-01-02,7:38,2,3
2020-01-02,19:54,2,2
2020-01-02,21:19,2,1
2020-01-02,13:21,0,4
2020-01-02,13:10,1,4
2020-01-02,13:42,1,0
2020-01-02,15:10,1,0
2020-01-02,11:57,0,0
2020-01-02,7:0,1,1
2020-01-02,17:52,0,4
2020-01-02,14:32,2,0
2020-01-02,3:58,1,4
2020-01-02,16:27,0,1
2020-01-02,8:8,0,3
2020-01-02,1:38,1,0
2020-01-02,16:18,0,1
2020-01-02,11:26,0,3
2020-01-02,19:18,1,0
2020-01-02,4:39,2,4
2020-01-02,16:26,1,4
2020-01-02,2:52,0,2
2020-01-02,19:58,1,4
2020-01-02,22:47,0,3
2020-01-02,5:8,1,0
2020-01-02,18:47,2,2
2020-01-03,17:27,1,3
2020-01-03,17:48,2,1
2020-01-03,11:2,0,0
2020-01-03,19:16,1,3
2020-01-03,14:33,2,4
2020-01-03,20:51,0,0
2020-01-03,18:36,0,1
2020-01-03,4:23,2,0
2020-01-03,23:52,2,3
2020-01-03,12:43,0,4
2020-01-03,11:5,2,0
2020-01-03,1:58,2,1
2020-01-03,18:46,1,3
2020-01-03,4:4,1,1
2020-01-03,13:36,2,4
2020-01-03,17:24,1,1
2020-01-03,22:57,2,3
2020-01-03,23:54,1,0
2020-01-03,17:5,2,2
2020-01-03,23:34,2,2
2020-01-03,17:0,2,1
2020-01-03,7:40,2,4
2020-01-03,21:5,2,4
2020-01-03,21:29,2,2
2020-01-03,6:16,0,3
2020-01-03,21:43,2,3
2020-01-03,0:16,1,2
2020-01-03,20:20,0,2
2020-01-03,0:11,0,0
2020-01-03,18:54,1,4
2020-01-03,19:28,2,0
2020-01-03,14:7,1,2
2020-01-03,11:29,0,4
2020-01-03,6:28,2,2
2020-01-03,22:4,2,2
2020-01-03,8:55,1,1
2020-01-03,4:7,0,2
2020-01-03,5:18,0,1
2020-01-03,16:46,2,1
2020-01-03,13:56,2,3
2020-01-03,14:48,0,0
2020-01-03,8:54,2,2
2020-01-03,22:50,1,3
2020-01-03,17:37,2,4
2020-01-03,10:34,0,2
2020-01-03,6:15,0,1
2020-01-03,0:28,2,1
2020-01-03,7:10,1,0
2020-01-03,12:33,1,1
2020-01-03,19:3,2,0
2020-01-03,12:11,2,4
2020-01-03,1:45,2,0
2020-01-03,19:28,0,1
2020-01-03,17:1,2,3
2020-01-03,15:58,1,1
2020-01-03,20:34,1,4
2020-01-03,11:37,0,0
2020-01-03,2:8,2,3
2020-01-03,18:40,2,3
2020-01-03,13:48,2,0
2020-01-03,1:31,0,4
2020-01-03,17:58,0,0
2020-01-03,9:28,1,3
2020-01-03,16:24,1,3
2020-01-03,6:45,2,0
2020-01-03,14:34,0,3
2020-01-03,0:33,1,1
2020-01-03,1:8,0,1
2020-01-03,13:46,1,4
2020-01-03,22:3,1,0
2020-01-03,6:58,2,3
2020-01-03,6:29,1,2
2020-01-03,19:26,0,3
2020-01-03,1:8,1,2
2020-01-03,4:31,2,0
2020-01-03,18:3,1,3
2020-01-03,1:20,2,1
2020-01-03,18:4,2,1
2020-01-03,23:38,1,2
2020-01-03,0:13,0,2
2020-01-03,23:59,2,0
2020-01-03,15:45,1,2
2020-01-03,4:30,0,4
2020-01-03,2:38,1,2
2020-01-03,5:45,0,1
2020-01-03,9:56,0,2
2020-01-03,7:28,0,0
2020-01-03,19:57,0,4
2020-01-03,20:27,1,4
2020-01-03,13:48,1,1
2020-01-03,3:21,0,0
2020-01-03,21:4,2,2
2020-01-03,1:23,2,3
2020-01-03,3:29,1,3
2020-01-03,20:40,2,3
2020-01-03,8:22,2,3
2020-01-03,0:8,0,1
2020-01-03,8:37,1,0
2020-01-03,13:49,0,2
2020-01-03,5:14,2,3
2020-01-04,16:35,2,3
2020-01-04,12:23,1,4
2020-01-04,10:32,2,2
2020-01-04,13:54,1,4
2020-01-04,21:35,0,1
2020-01-04,2:32,2,3
2020-01-04,5:32,0,3
2020-01-04,14:10,0,0
2020-01-04,0:45,1,4
2020-01-04,19:29,1,3
2020-01-04,6:25,2,1
2020-01-04,1:16,0,3
2020-01-04,16:7,1,2
2020-01-04,9:6,2,3
2020-01-04,14:16,2,4
2020-01-04,6:32,0,0
2020-01-04,23:22,0,4
2020-01-04,7:26,2,1
2020-01-04,4:25,0,4
2020-01-04,0:39,2,4
2020-01-04,14:25,1,2
2020-01-04,17:32,2,3
2020-01-04,20:33,2,4
2020-01-04,8:24,2,0
2020-01-04,2:40,2,3
2020-01-04,19:15,1,2
2020-01-04,7:18,2,3
2020-01-04,10:47,0,2
2020-01-04,18:51,2,1
2020-01-04,10:48,2,3
2020-01-04,1:35,2,1
2020-01-04,12:20,1,1
2020-01-04,10:43,2,1
2020-01-04,2:58,0,3
2020-01-04,9:53,0,2
2020-01-04,4:35,0,3
2020-01-04,6:59,2,2
2020-01-04,20:42,2,2
2020-01-04,5:43,1,2
2020-01-04,3:11,1,2
2020-01-04,17:11,2,3
2020-01-04,23:22,0,1
2020-01-04,11:43,0,4
2020-01-04,23:59,0,4
2020-01-04,8:52,0,1
2020-01-04,11:34,0,4
2020-01-04,9:57,2,2
2020-01-04,19:7,0,0
2020-01-04,13:18,2,0
2020-01-04,12:37,0,3
2020-01-04,4:8,0,4
2020-01-04,10:31,0,0
2020-01-04,10:26,2,4
2020-01-04,11:17,0,4
2020-01-04,2:27,1,3
2020-01-04,20:22,1,0
2020-01-04,20:20,0,4
2020-01-04,17:13,0,0
2020-01-04,3:17,2,2
2020-01-04,7:57,2,0
2020-01-04,19:28,1,3
2020-01-04,2:3,0,3
2020-01-04,16:15,2,3
2020-01-04,5:25,0,3
2020-01-04,16:54,1,3
2020-01-04,1:34,0,1
2020-01-04,7:7,1,1
2020-01-04,20:52,1,0
2020-01-04,12:1,2,3
2020-01-04,11:33,2,0
2020-01-04,3:0,1,4
2020-01-04,19:56,2,1
2020-01-04,8:23,2,0
2020-01-04,12:45,1,4
2020-01-04,17:35,1,4
2020-01-04,8:14,2,3
2020-01-04,3:17,2,4
2020-01-04,22:29,2,1
2020-01-04,3:11,1,1
2020-01-04,0:29,1,1
2020-01-04,11:9,0,1
2020-01-04,16:11,1,1
2020-01-04,3:42,1,1
2020-01-04,16:2,0,0
2020-01-04,3:24,2,1
2020-01-04,11:37,1,4
2020-01-04,22:21,0,2
2020-01-04,9:22,0,4
2020-01-04,20:23,1,3
2020-01-04,23:39,2,3
2020-01-04,2:2,2,1
2020-01-04,2:30,1,3
2020-01-04,10:23,1,2
2020-01-04,23:27,2,3
2020-01-04,20:31,0,2
2020-01-04,1:40,0,1
2020-01-04,16:38,1,2
2020-01-04,20:5,2,2
2020-01-04,22:18,0,4
2020-01-04,12:11,2,3
2020-01-05,19:58,2,2
2020-01-05,3:31,1,3
2020-01-05,7:56,0,2
2020-01-05,3:1,0,2
2020-01-05,11:24,0,2
2020-01-05,9:56,2,0
2020-01-05,12:7,1,0
2020-01-05,15:23,1,4
2020-01-05,2:13,2,1
2020-01-05,19:4,2,1
2020-01-05,17:23,0,2
2020-01-05,11:16,2,4
2020-01-05,11:43,1,0
2020-01-05,23:36,2,0
2020-01-05,15:59,1,1
2020-01-05,21:18,1,0
2020-01-05,20:55,2,4
2020-01-05,12:28,0,4
2020-01-05,2:27,0,1
2020-01-05,5:52,0,3
2020-01-05,18:13,1,2
2020-01-05,15:35,1,2
2020-01-05,18:27,0,0
2020-01-05,8:6,1,1
2020-01-05,1:43,0,0
2020-01-05,12:8,0,2
2020-01-05,20:43,1,4
2020-01-05,14:18,0,4
2020-01-05,2:53,2,4
2020-01-05,17:25,2,2
2020-01-05,18:35,2,3
2020-01-05,9:31,2,4
2020-01-05,3:49,1,2
2020-01-05,11:28,0,4
2020-01-05,11:2,1,1
2020-01-05,21:56,0,0
2020-01-05,0:12,1,0
2020-01-05,19:35,2,1
2020-01-05,23:32,0,3
2020-01-05,15:33,2,2
2020-01-05,17:35,1,0
2020-01-05,0:44,1,4
2020-01-05,7:34,2,4
2020-01-05,0:13,0,0
2020-01-05,17:13,0,0
2020-01-05,15:17,0,3
2020-01-05,20:33,1,2
2020-01-05,6:28,1,1
2020-01-05,0:39,0,4
2020-01-05,5:54,2,4
2020-01-05,0:44,2,2
2020-01-05,6:26,0,2
2020-01-05,2:52,2,1
2020-01-05,20:52,2,3
2020-01-05,1:56,1,2
2020-01-05,5:43,2,3
2020-01-05,11:37,0,2
2020-01-05,20:24,0,4
2020-01-05,16:19,1,2
2020-01-05,7:25,0,2
2020-01-05,9:27,2,0
2020-01-05,4:36,2,2
2020-01-05,15:56,2,4
2020-01-05,8:22,1,1
2020-01-05,17:5,0,3
2020-01-05,14:36,0,2
2020-01-05,11:41,0,2
2020-01-05,16:18,2,1
2020-01-05,14:53,0,0
2020-01-05,18:23,0,2
2020-01-05,7:28,2,1
2020-01-05,2:34,0,1
2020-01-05,13:58,1,1
2020-01-05,19:37,1,2
2020-01-05,6:2,1,0
2020-01-05,21:3,0,3
2020-01-05,17:20,1,2
2020-01-05,18:45,0,1
2020-01-05,0:46,2,3
2020-01-05,18:5,2,4
2020-01-05,6:4,2,1
2020-01-05,3:39,0,0
2020-01-05,18:31,2,1
2020-01-05,11:49,1,3
2020-01-05,22:57,1,4
2020-01-05,22:24,0,0
2020-01-05,7:47,1,1
2020-01-05,10:34,1,3
2020-01-05,5:51,0,3
2020-01-05,15:6,2,4
2020-01-05,7:25,0,2
2020-01-05,18:46,1,3
2020-01-05,5:3,0,3
2020-01-05,23:20,1,3
2020-01-05,16:46,1,3
2020-01-05,12:45,0,1
2020-01-05,5:10,1,0
2020-01-05,4:33,1,2
2020-01-05,8:35,1,2
2020-01-05,5:34,1,1
2020-01-06,14:43,2,4
2020-01-06,2:26,2,0
2020-01-06,8:57,0,1
2020-01-06,12:19,1,0
2020-01-06,2:17,2,3
2020-01-06,19:50,1,4
2020-01-06,8:34,2,3
2020-01-06,10:21,0,2
2020-01-06,21:40,2,1
2020-01-06,13:55,0,0
2020-01-06,17:27,0,2
2020-01-06,0:28,1,4
2020-01-06,12:4,2,1
2020-01-06,1:48,1,3
2020-01-06,1:16,0,1
2020-01-06,16:46,2,0
2020-01-06,12:37,1,0
2020-01-06,10:59,1,2
2020-01-06,18:3,1,3
2020-01-06,2:4,1,2
2020-01-06,19:41,1,3
2020-01-06,17:43,2,4
2020-01-06,4:16,0,0
2020-01-06,5:26,0,3
2020-01-06,9:39,2,2
2020-01-06,16:8,1,2
2020-01-06,14:51,1,1
2020-01-06,12:4,0,3
2020-01-06,2:7,1,3
2020-01-06,21:56,2,1
2020-01-06,8:25,1,2
2020-01-06,23:19,2,4
2020-01-06,23:31,2,0
2020-01-06,21:59,1,1
2020-01-06,4:17,0,4
2020-01-06,13:46,1,3
2020-01-06,14:23,2,1
2020-01-06,3:24,2,1
2020-01-06,6:20,2,4
2020-01-06,18:21,0,1
2020-01-06,15:15,1,4
2020-01-06,10:1,1,0
2020-01-06,13:33,2,2
2020-01-06,4:12,2,3
2020-01-06,22:49,2,2
2020-01-06,4:3,1,4
2020-01-06,12:39,0,4
2020-01-06,23:5,1,3
2020-01-06,2:29,1,3
2020-01-06,10:44,0,1
2020-01-06,9:28,0,1
2020-01-06,23:33,0,3
2020-01-06,23:31,0,1
2020-01-06,19:29,2,2
2020-01-06,11:7,0,4
2020-01-06,9:57,2,3
2020-01-06,7:10,0,3
2020-01-06,20:51,0,1
2020-01-06,21:35,2,0
2020-01-06,15:29,2,0
2020-01-06,1:40,2,3
2020-01-06,9:45,2,3
2020-01-06,11:25,2,3
2020-01-06,13:49,0,3
2020-01-06,10:29,0,0
2020-01-06,0:35,0,4
2020-01-06,13:12,2,4
2020-01-06,11:38,2,1
2020-01-06,18:55,2,1
2020-01-06,23:53,1,3
2020-01-06,3:33,0,0
2020-01-06,18:51,0,3
2020-01-06,1:12,1,1
2020-01-06,16:56,0,3
2020-01-06,20:23,1,3
2020-01-06,15:18,2,4
2020-01-06,12:10,0,1
2020-01-06,16:7,2,2
2020-01-06,2:38,0,2
2020-01-06,10:53,1,2
2020-01-06,3:39,0,2
2020-01-06,17:27,1,1
2020-01-06,7:2,1,0
2020-01-06,4:44,1,1
2020-01-06,17:39,2,4
2020-01-06,9:22,2,3
2020-01-06,20:1,2,4
2020-01-06,11:30,1,1
2020-01-06,22:19,2,4
2020-01-06,1:14,0,3
2020-01-06,4:2,2,3
2020-01-06,15:29,0,4
2020-01-06,12:29,1,2
2020-01-06,15:5,2,2
2020-01-06,19:31,2,3
2020-01-06,12:48,2,4
2020-01-06,20:10,1,1
2020-01-06,2:43,2,3
2020-01-06,3:32,2,0
2020-01-06,0:17,0,1
2020-01-07,6:47,0,0
2020-01-07,18:38,1,2
2020-01-07,21:3,2,2
2020-01-07,12:33,2,4
2020-01-07,9:31,0,4
2020-01-07,6:39,0,4
2020-01-07,17:44,2,2
2020-01-07,21:46,2,2
2020-01-07,2:22,0,4
2020-01-07,7:26,1,0
2020-01-07,1:49,1,0
2020-01-07,0:18,1,3
2020-01-07,21:54,2,4
2020-01-07,20:51,0,3
2020-01-07,1:34,1,3
2020-01-07,7:50,2,1
2020-01-07,1:8,1,0
2020-01-07,14:28,1,4
2020-01-07,2:17,1,3
2020-01-07,9:34,0,4
2020-01-07,21:13,1,2
2020-01-07,1:50,0,0
2020-01-07,0:34,2,0
2020-01-07,10:7,1,1
2020-01-07,2:26,0,2
2020-01-07,9:45,1,3
2020-01-07,20:48,0,4
2020-01-07,6:6,0,2
2020-01-07,12:46,0,2
2020-01-07,21:23,0,2
2020-01-07,11:10,2,2
2020-01-07,0:7,2,3
2020-01-07,2:4,0,4
2020-01-07,18:44,0,0
2020-01-07,0:3,0,3
2020-01-07,0:21,1,3
2020-01-07,8:4,1,2
2020-01-07,7:8,2,3
2020-01-07,23:52,0,2
2020-01-07,5:7,2,4
2020-01-07,8:46,1,2
2020-01-07,11:32,1,0
2020-01-07,1:24,0,1
2020-01-07,22:55,0,1
2020-01-07,11:53,2,2
2020-01-07,12:14,0,2
2020-01-07,17:33,1,4
2020-01-07,23:2,0,4
2020-01-07,23:15,0,0
2020-01-07,0:57,0,1
2020-01-07,4:28,0,1
2020-01-07,15:28,1,3
2020-01-07,15:22,1,0
2020-01-07,18:30,0,0
2020-01-07,15:55,2,3
2020-01-07,9:25,0,2
2020-01-07,6:47,0,1
2020-01-07,9:6,2,3
2020-01-07,0:9,0,1
2020-01-07,21:20,1,2
2020-01-07,1:28,0,1
2020-01-07,11:21,0,4
2020-01-07,5:39,0,0
2020-01-07,17:34,2,3
2020-01-07,3:57,0,0
2020-01-07,10:4,2,3
2020-01-07,3:54,1,0
2020-01-07,10:2,0,3
2020-01-07,1:15,1,1
2020-01-07,11:55,0,3
2020-01-07,5:59,1,1
2020-01-07,0:16,1,3
2020-01-07,20:25,0,4
2020-01-07,17:14,2,1
2020-01-07,4:27,0,0
2020-01-07,1:59,0,2
2020-01-07,0:57,1,2
2020-01-07,2:2,2,0
2020-01-07,12:40,2,3
2020-01-07,21:44,1,2
2020-01-07,21:19,1,2
2020-01-07,7:8,0,2
2020-01-07,10:16,2,1
2020-01-07,1:36,0,3
2020-01-07,16:21,2,4
2020-01-07,12:13,2,0
2020-01-07,16:36,0,4
2020-01-07,10:57,0,0
2020-01-07,9:41,0,3
2020-01-07,3:34,0,3
2020-01-07,20:54,1,3
2020-01-07,21:2,2,0
2020-01-07,17:12,0,2
2020-01-07,16:53,2,1
2020-01-07,10:40,0,1
2020-01-07,8:0,1,2
2020-01-07,2:57,1,0
2020-01-07,21:35,1,4
2020-01-07,17:1,1,1
2020-01-07,5:30,1,1
2020-01-08,16:2,0,1
2020-01-08,8:43,2,2
2020-01-08,1:51,2,2
2020-01-08,22:54,2,0
2020-01-08,14:31,1,3
2020-01-08,6:39,0,0
2020-01-08,16:28,0,0
2020-01-08,17:38,2,2
2020-01-08,2:35,2,1
2020-01-08,21:36,2,4
2020-01-08,5:9,1,3
2020-01-08,3:36,1,0
2020-01-08,14:7,0,2
2020-01-08,16:1,1,2
2020-01-08,5:31,2,3
2020-01-08,6:50,0,0
2020-01-08,9:38,1,0
2020-01-08,11:10,1,1
2020-01-08,8:40,0,0
2020-01-08,10:45,1,1
2020-01-08,23:18,0,1
2020-01-08,12:47,1,0
2020-01-08,4:25,0,1
2020-01-08,1:10,0,0
2020-01-08,4:41,2,4
2020-01-08,6:2,1,1
2020-01-08,10:55,1,0
2020-01-08,15:18,0,3
2020-01-08,16:58,1,1
2020-01-08,15:16,1,1
2020-01-08,6:47,2,2
2020-01-08,20:17,1,3
2020-01-08,23:34,2,4
2020-01-08,7:46,0,4
2020-01-08,8:22,2,0
2020-01-08,20:25,1,3
2020-01-08,15:17,2,2
2020-01-08,2:15,1,0
2020-01-08,19:50,0,0
2020-01-08,20:41,1,0
2020-01-08,4:7,2,3
2020-01-08,3:55,0,4
2020-01-08,12:53,0,2
2020-01-08,5:14,1,4
2020-01-08,0:14,2,2
2020-01-08,8:41,2,1
2020-01-08,0:34,2,2
2020-01-08,4:0,2,3
2020-01-08,20:56,0,2
2020-01-08,13:26,0,0
2020-01-08,14:49,0,4
2020-01-08,11:16,0,1
2020-01-08,2:26,0,1
2020-01-08,21:28,1,2
2020-01-08,12:8,0,1
2020-01-08,23:33,2,3
2020-01-08,12:41,2,4
2020-01-08,16:33,1,2
2020-01-08,19:2,0,2
2020-01-08,12:35,2,3
2020-01-08,1:4,2,4
2020-01-08,13:6,2,0
2020-01-08,4:23,0,0
2020-01-08,20:59,2,2
2020-01-08,20:52,2,1
2020-01-08,14:48,0,3
2020-01-08,12:33,2,1
2020-01-08,5:18,2,0
2020-01-08,11:57,0,4
2020-01-08,13:11,0,2
2020-01-08,7:31,2,0
2020-01-08,11:26,0,1
2020-01-08,23:35,0,3
2020-01-08,6:6,1,1
2020-01-08,20:13,2,3
2020-01-08,13:53,2,2
2020-01-08,15:57,0,4
2020-01-08,23:3,1,4
2020-01-08,0:36,2,1
2020-01-08,20:5,0,2
2020-01-08,14:49,0,4
2020-01-08,11:50,0,0
2020-01-08,3:35,2,1
2020-01-08,7:20,0,4
2020-01-08,19:2,0,4
2020-01-08,20:15,1,3
2020-01-08,6:16,1,0
2020-01-08,3:58,0,4
2020-01-08,21:23,2,4
2020-01-08,16:22,2,4
2020-01-08,12:2,2,1
2020-01-08,23:37,0,1
2020-01-08,1:37,0,3
2020-01-08,16:47,1,1
2020-01-08,19:28,1,3
2020-01-08,9:0,2,1
2020-01-08,17:43,0,3
2020-01-08,18:57,2,1
2020-01-08,3:8,1,3
2020-01-08,13:12,1,2
2020-01-09,6:8,1,1
2020-01-09,22:55,2,2
2020-01-09,0:45,2,0
2020-01-09,8:21,2,3
2020-01-09,2:34,1,0
2020-01-09,10:47,2,1
2020-01-09,20:15,1,3
2020-01-09,15:28,0,2
2020-01-09,17:49,0,3
2020-01-09,5:14,0,0
2020-01-09,6:1,0,0
2020-01-09,21:8,1,3
2020-01-09,12:38,2,2
2020-01-09,23:4,1,1
2020-01-09,10:53,2,2
2020-01-09,9:46,0,4
2020-01-09,7:29,0,3
2020-01-09,2:58,0,3
2020-01-09,22:49,1,0
2020-01-09,0:32,0,4
2020-01-09,2:19,2,1
2020-01-09,7:32,2,3
2020-01-09,12:21,2,3
2020-01-09,7:29,1,0
2020-01-09,14:37,2,2
2020-01-09,14:43,2,3
2020-01-09,6:1,1,2
2020-01-09,10:59,0,1
2020-01-09,10:47,2,3
2020-01-09,8:35,2,4
2020-01-09,1:30,2,1
2020-01-09,2:15,0,4
2020-01-09,23:13,0,2
2020-01-09,3:43,1,0
2020-01-09,5:59,0,0
2020-01-09,15:25,1,3
2020-01-09,11:8,1,4
2020-01-09,8:23,0,1
2020-01-09,5:54,2,0
2020-01-09,19:51,0,3
2020-01-09,12:11,2,0
2020-01-09,23:27,0,3
2020-01-09,18:12,0,2
2020-01-09,6:49,0,3
2020-01-09,8:36,2,0
2020-01-09,9:15,2,0
2020-01-09,11:51,1,1
2020-01-09,13:22,2,0
2020-01-09,1:51,0,4
2020-01-09,6:18,2,1
2020-01-09,6:32,2,0
2020-01-09,17:48,2,1
2020-01-09,16:17,2,2
2020-01-09,1:52,1,3
2020-01-09,5:31,1,3
2020-01-09,4:8,1,3
2020-01-09,17:8,2,2
2020-01-09,20:26,0,3
2020-01-09,17:41,0,4
2020-01-09,7:23,0,4
2020-01-09,23:56,0,2
2020-01-09,12:21,1,1
2020-01-09,5:51,1,2
2020-01-09,1:25,2,3
2020-01-09,6:46,0,0
2020-01-09,10:54,1,1
2020-01-09,21:37,0,3
2020-01-09,3:0,2,1
2020-01-09,22:22,1,1
2020-01-09,4:36,0,0
2020-01-09,7:21,0,2
2020-01-09,21:31,1,3
2020-01-09,12:58,2,4
2020-01-09,0:26,2,1
2020-01-09,11:46,2,2
2020-01-09,3:31,0,4
2020-01-09,18:29,2,2
2020-01-09,5:38,2,1
2020-01-09,6:19,2,1
2020-01-09,3:33,0,0
2020-01-09,4:44,0,3
2020-01-09,0:36,0,2
2020-01-09,2:48,0,4
2020-01-09,19:23,1,0
2020-01-09,20:35,2,4
2020-01-09,3:32,0,2
2020-01-09,22:15,2,3
2020-01-09,12:49,0,0
2020-01-09,11:43,0,4
2020-01-09,9:14,1,2
2020-01-09,14:8,1,3
2020-01-09,5:21,1,4
2020-01-09,19:24,2,3
2020-01-09,15:19,0,0
2020-01-09,8:31,2,1
2020-01-09,11:6,0,1
2020-01-09,17:2,1,0
2020-01-09,8:45,2,1
2020-01-09,7:17,1,0
2020-01-09,7:1,0,1
2020-01-010,19:8,1,0
2020-01-010,17:29,1,0
2020-01-010,20:33,1,4
2020-01-010,21:23,0,2
2020-01-010,21:14,0,3
2020-01-010,20:9,1,2
2020-01-010,2:50,0,3
2020-01-010,18:5,2,0
2020-01-010,2:12,1,3
2020-01-010,21:36,1,0
2020-01-010,16:9,1,3
2020-01-010,4:2,0,2
2020-01-010,16:7,2,3
2020-01-010,2:41,0,2
2020-01-010,8:37,0,3
2020-01-010,13:29,2,0
2020-01-010,2:28,2,3
2020-01-010,20:54,0,1
2020-01-010,20:13,1,2
2020-01-010,7:4,1,4
2020-01-010,3:24,0,0
2020-01-010,0:29,2,1
2020-01-010,20:45,1,4
2020-01-010,15:27,0,3
2020-01-010,9:34,0,1
2020-01-010,21:34,1,4
2020-01-010,20:20,1,3
2020-01-010,10:56,0,3
2020-01-010,17:33,1,3
2020-01-010,8:14,1,1
2020-01-010,12:57,2,2
2020-01-010,4:2,1,1
2020-01-010,14:23,2,4
2020-01-010,19:22,0,1
2020-01-010,23:30,0,2
2020-01-010,13:8,0,1
2020-01-010,12:17,2,1
2020-01-010,6:52,2,1
2020-01-010,10:6,0,0
2020-01-010,14:40,2,0
2020-01-010,15:49,2,1
2020-01-010,5:41,2,0
2020-01-010,17:24,1,3
2020-01-010,0:25,2,2
2020-01-010,11:5,2,0
2020-01-010,1:32,2,3
2020-01-010,23:55,1,4
2020-01-010,9:41,1,2
2020-01-010,18:46,2,1
2020-01-010,9:44,0,3
2020-01-010,14:45,2,4
2020-01-010,11:2,2,0
2020-01-010,16:50,1,4
2020-01-010,2:4,2,3
2020-01-010,3:53,1,3
2020-01-010,3:2,1,3
2020-01-010,23:23,0,2
2020-01-010,7:40,2,3
2020-01-010,23:0,1,4
2020-01-010,15:43,0,0
2020-01-010,20:2,1,2
2020-01-010,20:52,0,1
2020-01-010,3:36,0,4
2020-01-010,18:48,2,2
2020-01-010,23:30,0,1
2020-01-010,3:12,1,2
2020-01-010,1:10,0,0
2020-01-010,5:16,1,1
2020-01-010,16:42,1,1
2020-01-010,22:24,2,3
2020-01-010,9:12,0,4
2020-01-010,6:52,0,0
2020-01-010,9:49,1,1
2020-01-010,2:2,0,1
2020-01-010,12:56,0,0
2020-01-010,2:17,2,3
2020-01-010,10:49,1,4
2020-01-010,7:42,2,1
2020-01-010,8:35,1,2
2020-01-010,7:53,0,3
2020-01-010,2:11,0,0
2020-01-010,14:2,1,1
2020-01-010,18:10,2,1
2020-01-010,15:54,1,0
2020-01-010,23:24,2,3
2020-01-010,3:13,2,0
2020-01-010,11:17,0,1
2020-01-010,13:34,2,2
2020-01-010,12:34,0,4
2020-01-010,16:14,2,0
2020-01-010,3:39,1,3
2020-01-010,22:45,1,1
2020-01-010,18:53,1,1
2020-01-010,1:27,2,2
2020-01-010,18:45,2,4
2020-01-010,1:22,2,0
2020-01-010,6:12,1,2
2020-01-010,20:2,2,1
2020-01-010,19:15,1,2
2020-01-010,4:1,0,4
2020-01-011,13:31,0,0
2020-01-011,11:48,0,0
2020-01-011,8:41,1,0
2020-01-011,23:47,1,1
2020-01-011,11:17,2,3
2020-01-011,17:25,0,0
2020-01-011,5:43,2,1
2020-01-011,17:49,1,3
2020-01-011,21:40,0,2
2020-01-011,1:30,0,4
2020-01-011,18:16,1,3
2020-01-011,13:3,2,2
2020-01-011,17:39,2,3
2020-01-011,17:4,0,2
2020-01-011,6:5,1,2
2020-01-011,20:54,0,1
2020-01-011,12:54,2,4
2020-01-011,8:35,2,1
2020-01-011,23:47,0,0
2020-01-011,4:31,2,4
2020-01-011,11:11,1,2
2020-01-011,7:23,1,4
2020-01-011,8:59,0,2
2020-01-011,19:53,0,0
2020-01-011,17:49,2,1
2020-01-011,5:46,0,3
2020-01-011,13:44,2,3
2020-01-011,20:38,0,2
2020-01-011,4:54,1,0
2020-01-011,20:15,2,2
2020-01-011,5:7,1,1
2020-01-011,6:19,1,1
2020-01-011,2:22,1,0
2020-01-011,18:8,2,4
2020-01-011,21:3,2,2
2020-01-011,5:43,1,1
2020-01-011,6:25,1,3
2020-01-011,11:23,2,2
2020-01-011,8:43,1,4
2020-01-011,15:4,0,4
2020-01-011,19:0,1,2
2020-01-011,17:4,2,3
2020-01-011,8:6,1,3
2020-01-011,14:39,1,1
2020-01-011,15:50,2,4
2020-01-011,15:49,2,3
2020-01-011,10:33,0,0
2020-01-011,2:33,1,0
2020-01-011,5:22,1,3
2020-01-011,15:20,0,0
2020-01-011,3:39,2,0
2020-01-011,1:17,0,1
2020-01-011,4:52,2,2
2020-01-011,10:59,1,2
2020-01-011,16:56,1,0
2020-01-011,1:19,0,2
2020-01-011,19:15,1,4
2020-01-011,23:5,0,1
2020-01-011,22:22,0,2
2020-01-011,22:1,2,3
2020-01-011,7:10,2,0
2020-01-011,7:51,2,0
2020-01-011,0:15,1,3
2020-01-011,22:22,2,3
2020-01-011,0:52,1,0
2020-01-011,9:30,2,1
2020-01-011,5:25,1,4
2020-01-011,15:36,1,1
2020-01-011,9:36,1,2
2020-01-011,8:29,2,2
2020-01-011,14:30,1,0
2020-01-011,20:24,2,0
2020-01-011,17:6,1,2
2020-01-011,1:34,0,4
2020-01-011,11:7,0,1
2020-01-011,17:7,1,4
2020-01-011,2:44,2,3
2020-01-011,14:44,0,4
2020-01-011,15:41,0,1
2020-01-011,17:46,1,3
2020-01-011,6:19,2,1
2020-01-011,10:16,0,3
2020-01-011,10:2,0,3
2020-01-011,1:29,1,0
2020-01-011,18:50,0,3
2020-01-011,16:28,1,0
2020-01-011,12:47,2,3
2020-01-011,0:27,1,2
2020-01-011,9:22,2,2
2020-01-011,3:49,0,1
2020-01-011,3:45,2,0
2020-01-011,21:49,2,1
2020-01-011,2:5,0,2
2020-01-011,8:24,2,0
2020-01-011,22:51,0,0
2020-01-011,22:22,2,2
2020-01-011,9:25,2,0
2020-01-011,12:38,0,2
2020-01-011,14:48,0,0
2020-01-011,5:40,1,3
2020-01-012,21:59,2,4
2020-01-012,15:34,2,3
2020-01-012,5:56,0,3
2020-01-012,5:57,1,2
2020-01-012,16:21,2,1
2020-01-012,1:6,2,0
2020-01-012,11:28,0,0
2020-01-012,20:51,0,3
2020-01-012,17:37,2,1
2020-01-012,5:45,1,4
2020-01-012,19:37,0,3
2020-01-012,15:5,0,0
2020-01-012,4:33,2,4
2020-01-012,1:22,2,1
2020-01-012,13:23,0,4
2020-01-012,21:9,2,0
2020-01-012,17:40,0,2
2020-01-012,2:28,1,4
2020-01-012,5:32,2,1
2020-01-012,18:46,2,4
2020-01-012,10:42,1,4
2020-01-012,15:57,2,3
2020-01-012,5:5,0,2
2020-01-012,6:44,2,1
2020-01-012,8:29,1,4
2020-01-012,22:54,1,1
2020-01-012,15:27,1,2
2020-01-012,9:44,2,4
2020-01-012,7:25,0,4
2020-01-012,17:41,2,4
2020-01-012,6:34,2,3
2020-01-012,2:18,1,0
2020-01-012,12:31,1,3
2020-01-012,23:24,2,3
2020-01-012,23:28,0,4
2020-01-012,7:9,2,4
2020-01-012,14:34,0,1
2020-01-012,11:4,2,0
2020-01-012,13:37,0,0
2020-01-012,5:42,1,0
2020-01-012,5:44,1,1
2020-01-012,4:59,2,3
2020-01-012,14:27,0,0
2020-01-012,9:37,1,0
2020-01-012,7:1,0,2
2020-01-012,20:26,1,1
2020-01-012,23:48,1,2
2020-01-012,0:8,0,0
2020-01-012,22:19,0,0
2020-01-012,12:42,1,1
2020-01-012,14:54,1,0
2020-01-012,9:11,1,0
2020-01-012,8:20,2,1
2020-01-012,23:30,1,0
2020-01-012,16:27,1,2
2020-01-012,19:59,0,1
2020-01-012,15:48,1,2
2020-01-012,23:42,0,0
2020-01-012,10:8,1,0
2020-01-012,3:14,0,3
2020-01-012,8:47,0,4
2020-01-012,7:34,1,2
2020-01-012,10:5,0,3
2020-01-012,18:48,0,1
2020-01-012,4:31,1,0
2020-01-012,9:30,0,4
2020-01-012,7:6,1,4
2020-01-012,18:57,1,3
2020-01-012,21:56,0,0
2020-01-012,7:26,1,0
2020-01-012,17:46,1,3
2020-01-012,13:7,1,2
2020-01-012,16:46,1,4
2020-01-012,17:31,1,4
2020-01-012,20:24,2,2
2020-01-012,3:42,2,3
2020-01-012,23:30,2,2
2020-01-012,16:2,0,2
2020-01-012,4:44,2,3
2020-01-012,8:31,0,4
2020-01-012,3:46,2,1
2020-01-012,18:30,2,4
2020-01-012,17:38,0,0
2020-01-012,6:12,1,4
2020-01-012,6:44,0,2
2020-01-012,6:38,1,1
2020-01-012,12:42,2,3
2020-01-012,14:55,2,3
2020-01-012,11:27,1,0
2020-01-012,2:19,2,3
2020-01-012,18:59,1,1
2020-01-012,18:59,2,1
2020-01-012,9:38,1,3
2020-01-012,19:25,0,3
2020-01-012,19:18,0,1
2020-01-012,1:57,0,3
2020-01-012,19:32,1,1
2020-01-012,20:33,2,3
2020-01-012,2:12,1,3
2020-01-012,10:52,0,1
2020-01-013,4:13,1,0
2020-01-013,15:39,1,0
2020-01-013,18:11,2,2
2020-01-013,7:10,1,1
2020-01-013,1:19,2,0
2020-01-013,8:27,0,0
2020-01-013,21:5,2,1
2020-01-013,19:10,0,4
2020-01-013,13:31,0,4
2020-01-013,10:52,0,1
2020-01-013,23:10,1,4
2020-01-013,8:37,2,3
2020-01-013,23:5,2,1
2020-01-013,5:5,0,2
2020-01-013,4:15,1,4
2020-01-013,0:9,2,4
2020-01-013,16:12,2,2
2020-01-013,3:27,1,4
2020-01-013,11:47,2,2
2020-01-013,6:55,1,3
2020-01-013,12:15,1,0
2020-01-013,21:15,0,0
2020-01-013,14:52,2,1
2020-01-013,8:59,2,0
2020-01-013,22:18,1,1
2020-01-013,12:45,1,1
2020-01-013,21:49,2,0
2020-01-013,8:35,2,2
2020-01-013,20:0,1,3
2020-01-013,20:15,2,3
2020-01-013,14:25,2,4
2020-01-013,4:10,2,1
2020-01-013,0:1,2,2
2020-01-013,23:13,1,0
2020-01-013,20:7,1,2
2020-01-013,7:45,1,2
2020-01-013,3:53,2,2
2020-01-013,2:54,2,2
2020-01-013,19:43,1,1
2020-01-013,7:34,2,2
2020-01-013,4:35,1,2
2020-01-013,18:48,1,0
2020-01-013,17:30,2,0
2020-01-013,4:34,1,2
2020-01-013,22:1,0,2
2020-01-013,7:58,0,1
2020-01-013,8:39,0,4
2020-01-013,17:44,1,2
2020-01-013,7:55,0,2
2020-01-013,23:58,0,1
2020-01-013,5:48,1,1
2020-01-013,22:5,2,2
2020-01-013,8:20,2,2
2020-01-013,8:8,0,0
2020-01-013,3:25,1,4
2020-01-013,8:21,0,2
2020-01-013,19:18,1,4
2020-01-013,14:17,2,0
2020-01-013,13:25,2,0
2020-01-013,18:49,0,2
2020-01-013,17:7,0,0
2020-01-013,9:56,2,3
2020-01-013,15:55,2,3
2020-01-013,5:50,1,3
2020-01-013,6:47,2,0
2020-01-013,1:44,1,1
2020-01-013,18:54,0,2
2020-01-013,1:54,0,3
2020-01-013,18:4,1,2
2020-01-013,4:38,0,4
2020-01-013,2:43,1,0
2020-01-013,9:30,2,4
2020-01-013,13:2,2,2
2020-01-013,2:49,0,4
2020-01-013,6:58,0,3
2020-01-013,18:11,2,4
2020-01-013,18:19,2,4
2020-01-013,16:47,1,0
2020-01-013,17:15,1,4
2020-01-013,21:42,0,2
2020-01-013,18:26,1,4
2020-01-013,23:17,2,2
2020-01-013,18:31,1,0
2020-01-013,15:16,2,4
2020-01-013,8:18,1,1
2020-01-013,3:7,1,4
2020-01-013,17:22,0,0
2020-01-013,6:0,1,2
2020-01-013,19:8,1,3
2020-01-013,14:35,0,0
2020-01-013,16:2,2,0
2020-01-013,17:29,0,2
2020-01-013,23:23,0,2
2020-01-013,2:26,1,1
2020-01-013,22:56,2,0
2020-01-013,9:48,1,2
2020-01-013,17:18,0,3
2020-01-013,1:47,2,4
2020-01-013,8:11,2,2
2020-01-013,21:18,0,2
2020-01-014,7:41,1,0
2020-01-014,7:2,0,3
2020-01-014,2:6,0,4
2020-01-014,7:28,2,3
2020-01-014,17:55,1,2
2020-01-014,21:34,0,4
2020-01-014,11:41,0,4
2020-01-014,3:28,2,4
2020-01-014,6:39,1,3
2020-01-014,6:42,2,0
2020-01-014,7:45,0,3
2020-01-014,19:19,0,3
2020-01-014,5:10,0,1
2020-01-014,0:35,1,3
2020-01-014,7:17,1,4
2020-01-014,17:1,2,2
2020-01-014,23:32,0,4
2020-01-014,22:42,2,2
2020-01-014,14:20,1,4
2020-01-014,10:30,0,2
2020-01-014,6:45,0,1
2020-01-014,14:18,0,3
2020-01-014,2:3,1,3
2020-01-014,18:33,2,2
2020-01-014,0:42,1,0
2020-01-014,16:30,1,4
2020-01-014,22:27,1,2
2020-01-014,15:32,1,0
2020-01-014,8:13,0,3
2020-01-014,9:51,0,1
2020-01-014,3:39,2,1
2020-01-014,9:55,1,4
2020-01-014,21:43,1,0
2020-01-014,13:47,0,1
2020-01-014,16:52,0,4
2020-01-014,2:47,0,3
2020-01-014,23:33,0,4
2020-01-014,16:17,1,0
2020-01-014,23:18,1,0
2020-01-014,9:35,1,2
2020-01-014,13:12,1,2
2020-01-014,18:5,2,1
2020-01-014,12:30,1,1
2020-01-014,7:44,0,3
2020-01-014,5:47,0,4
2020-01-014,3:4,1,0
2020-01-014,18:43,0,0
2020-01-014,13:11,0,4
2020-01-014,2:53,0,2
2020-01-014,14:29,2,2
2020-01-014,5:12,2,4
2020-01-014,23:17,1,0
2020-01-014,7:48,2,3
2020-01-014,22:57,2,1
2020-01-014,6:36,1,0
2020-01-014,14:50,0,1
2020-01-014,9:2,0,0
2020-01-014,4:16,2,4
2020-01-014,23:39,2,1
2020-01-014,15:24,1,1
2020-01-014,20:19,0,3
2020-01-014,2:39,0,3
2020-01-014,0:21,2,2
2020-01-014,4:36,1,1
2020-01-014,2:47,2,2
2020-01-014,20:24,2,1
2020-01-014,16:39,2,0
2020-01-014,0:55,2,0
2020-01-014,5:4,2,2
2020-01-014,22:6,2,2
2020-01-014,10:53,1,0
2020-01-014,17:48,1,2
2020-01-014,16:45,1,0
2020-01-014,12:31,2,1
2020-01-014,21:26,1,3
2020-01-014,5:45,2,0
2020-01-014,19:27,2,3
2020-01-014,11:47,0,3
2020-01-014,1:10,0,1
2020-01-014,23:50,2,2
2020-01-014,3:55,1,4
2020-01-014,0:3,1,1
2020-01-014,0:8,1,1
2020-01-014,17:12,2,0
2020-01-014,1:0,1,2
2020-01-014,14:59,0,4
2020-01-014,17:19,0,2
2020-01-014,11:30,2,0
2020-01-014,3:16,0,3
2020-01-014,22:33,1,3
2020-01-014,10:27,2,3
2020-01-014,1:23,0,0
2020-01-014,21:56,2,4
2020-01-014,22:41,2,1
2020-01-014,0:34,0,2
2020-01-014,23:45,0,3
2020-01-014,9:49,0,3
2020-01-014,13:51,1,2
2020-01-014,4:22,2,3
2020-01-014,9:50,1,2
2020-01-015,8:17,2,4
2020-01-015,5:24,2,4
2020-01-015,0:6,2,3
2020-01-015,5:36,1,3
2020-01-015,13:8,0,2
2020-01-015,16:35,1,1
2020-01-015,2:40,0,3
2020-01-015,17:32,0,0
2020-01-015,10:20,2,4
2020-01-015,19:16,0,3
2020-01-015,9:0,2,2
2020-01-015,7:10,2,1
2020-01-015,11:9,1,2
2020-01-015,16:26,2,0
2020-01-015,4:24,0,1
2020-01-015,15:53,0,4
2020-01-015,12:41,1,4
2020-01-015,3:15,1,0
2020-01-015,23:34,0,0
2020-01-015,10:3,1,2
2020-01-015,22:24,2,4
2020-01-015,0:34,2,0
2020-01-015,6:55,1,1
2020-01-015,17:12,1,2
2020-01-015,16:47,1,2
2020-01-015,8:9,2,1
2020-01-015,4:13,2,2
2020-01-015,23:30,2,1
2020-01-015,7:49,1,1
2020-01-015,14:49,0,3
2020-01-015,14:8,0,3
2020-01-015,3:5,0,2
2020-01-015,16:46,0,2
2020-01-015,23:49,2,2
2020-01-015,23:57,1,1
2020-01-015,8:30,2,2
2020-01-015,2:14,1,2
2020-01-015,7:42,0,3
2020-01-015,16:0,2,4
2020-01-015,14:58,2,4
2020-01-015,13:0,1,1
2020-01-015,15:54,2,3
2020-01-015,23:41,2,2
2020-01-015,18:44,2,1
2020-01-015,23:38,1,1
2020-01-015,2:58,2,0
2020-01-015,13:40,2,3
2020-01-015,17:12,2,3
2020-01-015,17:6,2,4
2020-01-015,23:55,0,4
2020-01-015,0:16,1,1
2020-01-015,15:39,2,1
2020-01-015,10:6,0,2
2020-01-015,3:50,1,0
2020-01-015,0:4,0,1
2020-01-015,7:50,0,2
2020-01-015,10:13,1,4
2020-01-015,20:18,1,3
2020-01-015,15:40,1,3
2020-01-015,8:5,1,0
2020-01-015,12:44,1,3
2020-01-015,0:24,2,2
2020-01-015,9:2,0,4
2020-01-015,14:42,0,3
2020-01-015,11:39,0,3
2020-01-015,12:20,0,1
2020-01-015,7:34,2,1
2020-01-015,0:12,1,3
2020-01-015,3:35,2,3
2020-01-015,8:28,2,2
2020-01-015,15:3,0,1
2020-01-015,15:22,1,0
2020-01-015,8:21,2,1
2020-01-015,19:34,0,3
2020-01-015,19:58,0,3
2020-01-015,19:53,0,4
2020-01-015,4:14,2,3
2020-01-015,16:33,0,4
2020-01-015,2:45,0,3
2020-01-015,13:33,2,3
2020-01-015,15:48,1,0
2020-01-015,0:22,1,1
2020-01-015,18:30,0,2
2020-01-015,23:12,0,0
2020-01-015,9:20,0,0
2020-01-015,20:41,0,0
2020-01-015,17:30,2,1
2020-01-015,13:34,2,1
2020-01-015,3:6,1,0
2020-01-015,15:48,1,3
2020-01-015,3:26,0,4
2020-01-015,17:53,1,1
2020-01-015,22:34,2,0
2020-01-015,17:23,2,0
2020-01-015,13:49,1,1
2020-01-015,12:34,0,4
2020-01-015,2:18,0,2
2020-01-015,5:37,0,4
2020-01-015,2:27,2,3
2020-01-015,2:45,0,3
2020-01-016,19:48,1,3
2020-01-016,9:48,2,0
2020-01-016,8:37,1,1
2020-01-016,21:20,2,4
2020-01-016,19:58,1,1
2020-01-016,16:47,2,4
2020-01-016,17:28,1,4
2020-01-016,1:40,0,3
2020-01-016,9:7,0,1
2020-01-016,18:34,0,0
2020-01-016,12:10,2,0
2020-01-016,3:33,2,3
2020-01-016,19:10,1,2
2020-01-016,1:20,0,4
2020-01-016,15:36,0,3
2020-01-016,19:0,2,4
2020-01-016,7:23,0,4
2020-01-016,13:31,0,3
2020-01-016,13:38,1,4
2020-01-016,21:54,0,2
2020-01-016,8:3,1,1
2020-01-016,7:34,0,1
2020-01-016,6:44,2,3
2020-01-016,3:48,2,0
2020-01-016,23:40,1,1
2020-01-016,17:26,2,3
2020-01-016,14:39,1,4
2020-01-016,19:34,2,2
2020-01-016,12:34,0,0
2020-01-016,11:30,0,3
2020-01-016,20:29,1,3
2020-01-016,14:43,1,1
2020-01-016,3:18,2,1
2020-01-016,9:21,0,0
2020-01-016,2:54,1,2
2020-01-016,11:36,1,2
2020-01-016,3:14,2,2
2020-01-016,21:1,0,0
2020-01-016,12:2,0,3
2020-01-016,17:19,0,1
2020-01-016,20:43,1,4
2020-01-016,16:40,2,4
2020-01-016,5:1,0,3
2020-01-016,16:36,2,3
2020-01-016,7:6,2,1
2020-01-016,7:13,2,2
2020-01-016,10:49,1,2
2020-01-016,3:0,2,1
2020-01-016,19:29,1,4
2020-01-016,11:22,0,0
2020-01-016,18:39,1,1
2020-01-016,10:59,2,0
2020-01-016,10:50,0,2
2020-01-016,7:25,2,4
2020-01-016,12:3,0,1
2020-01-016,12:1,0,4
2020-01-016,12:42,2,2
2020-01-016,1:17,1,0
2020-01-016,5:27,1,4
2020-01-016,14:14,2,1
2020-01-016,18:19,0,1
2020-01-016,1:44,2,0
2020-01-016,7:11,2,3
2020-01-016,4:7,1,4
2020-01-016,8:31,0,2
2020-01-016,18:1,2,0
2020-01-016,1:45,2,0
2020-01-016,14:53,2,3
2020-01-016,12:15,2,2
2020-01-016,10:50,2,4
2020-01-016,1:41,0,4
2020-01-016,0:3,0,3
2020-01-016,3:10,2,0
2020-01-016,17:51,2,1
2020-01-016,1:24,2,4
2020-01-016,16:26,1,2
2020-01-016,13:31,1,4
2020-01-016,6:38,0,3
2020-01-016,23:16,2,1
2020-01-016,11:54,0,1
2020-01-016,9:55,1,3
2020-01-016,1:27,2,0
2020-01-016,12:45,0,2
2020-01-016,12:31,0,4
2020-01-016,3:15,1,2
2020-01-016,3:17,2,0
2020-01-016,23:30,2,3
2020-01-016,6:7,1,3
2020-01-016,12:19,0,1
2020-01-016,13:44,0,1
2020-01-016,0:24,2,1
2020-01-016,14:32,0,4
2020-01-016,0:17,1,1
2020-01-016,2:12,1,3
2020-01-016,3:11,2,3
2020-01-016,15:40,1,2
2020-01-016,3:1,1,4
2020-01-016,19:27,1,1
2020-01-016,19:20,1,0
2020-01-016,18:35,1,4
2020-01-017,8:9,1,2
2020-01-017,17:38,2,1
2020-01-017,14:24,2,2
2020-01-017,12:53,1,1
2020-01-017,18:38,2,4
2020-01-017,5:44,1,4
2020-01-017,22:59,0,3
2020-01-017,12:31,2,1
2020-01-017,6:45,1,3
2020-01-017,1:8,0,0
2020-01-017,12:59,0,1
2020-01-017,1:29,2,4
2020-01-017,16:4,1,2
2020-01-017,11:26,1,1
2020-01-017,16:32,1,0
2020-01-017,5:32,2,4
2020-01-017,17:36,0,1
2020-01-017,2:19,1,2
2020-01-017,17:14,0,1
2020-01-017,20:59,0,0
2020-01-017,15:39,1,4
2020-01-017,18:33,0,0
2020-01-017,23:17,2,3
2020-01-017,22:26,1,2
2020-01-017,6:10,1,2
2020-01-017,6:35,2,1
2020-01-017,12:50,0,1
2020-01-017,7:4,1,4
2020-01-017,11:3,1,2
2020-01-017,19:19,1,2
2020-01-017,2:28,0,0
2020-01-017,0:45,1,2
2020-01-017,5:33,0,3
2020-01-017,15:2,0,1
2020-01-017,3:13,1,3
2020-01-017,14:40,2,2
2020-01-017,8:4,0,1
2020-01-017,18:8,2,1
2020-01-017,7:28,1,1
2020-01-017,20:49,1,3
2020-01-017,6:51,1,1
2020-01-017,3:16,0,2
2020-01-017,14:8,1,2
2020-01-017,2:18,0,4
2020-01-017,12:53,1,0
2020-01-017,2:27,0,0
2020-01-017,13:45,0,0
2020-01-017,6:54,0,0
2020-01-017,3:19,2,0
2020-01-017,13:6,1,0
2020-01-017,19:50,2,2
2020-01-017,19:50,2,4
2020-01-017,19:13,1,2
2020-01-017,7:21,1,0
2020-01-017,16:33,0,1
2020-01-017,20:30,0,1
2020-01-017,10:58,0,3
2020-01-017,4:19,2,2
2020-01-017,15:58,0,4
2020-01-017,16:19,0,2
2020-01-017,15:32,1,3
2020-01-017,2:50,2,1
2020-01-017,9:49,2,0
2020-01-017,17:43,2,4
2020-01-017,16:42,2,0
2020-01-017,14:51,0,3
2020-01-017,3:34,2,1
2020-01-017,19:12,0,1
2020-01-017,8:53,0,0
2020-01-017,18:7,2,4
2020-01-017,9:33,1,1
2020-01-017,6:20,2,2
2020-01-017,2:12,2,0
2020-01-017,9:37,0,3
2020-01-017,4:17,0,0
2020-01-017,2:55,2,0
2020-01-017,6:44,0,1
2020-01-017,23:59,1,1
2020-01-017,18:18,1,1
2020-01-017,1:58,0,4
2020-01-017,20:48,2,3
2020-01-017,19:0,0,3
2020-01-017,5:8,1,3
2020-01-017,15:53,2,4
2020-01-017,19:34,2,0
2020-01-017,23:30,2,0
2020-01-017,5:37,1,4
2020-01-017,14:25,0,4
2020-01-017,19:20,2,3
2020-01-017,13:22,2,2
2020-01-017,10:38,2,4
2020-01-017,8:16,2,3
2020-01-017,17:55,2,1
2020-01-017,9:18,0,0
2020-01-017,1:29,1,3
2020-01-017,20:43,0,0
2020-01-017,0:18,2,3
2020-01-017,4:5,2,2
2020-01-017,14:26,0,0
2020-01-017,4:23,2,2
2020-01-018,17:50,2,3
2020-01-018,13:39,0,2
2020-01-018,2:2,2,0
2020-01-018,0:32,1,0
2020-01-018,17:14,0,3
2020-01-018,1:52,2,3
2020-01-018,6:0,2,2
2020-01-018,12:51,2,2
2020-01-018,6:17,1,0
2020-01-018,4:37,1,0
2020-01-018,20:43,0,2
2020-01-018,1:48,1,2
2020-01-018,10:31,1,0
2020-01-018,0:5,1,4
2020-01-018,22:39,0,4
2020-01-018,7:58,2,1
2020-01-018,7:41,1,0
2020-01-018,2:27,1,1
2020-01-018,5:32,0,3
2020-01-018,14:13,1,1
2020-01-018,20:29,2,4
2020-01-018,16:40,0,1
2020-01-018,7:18,1,2
2020-01-018,19:22,1,0
2020-01-018,19:54,0,2
2020-01-018,20:46,0,3
2020-01-018,6:10,1,0
2020-01-018,20:2,1,4
2020-01-018,16:19,1,0
2020-01-018,8:50,0,0
2020-01-018,13:11,1,1
2020-01-018,7:45,0,0
2020-01-018,8:17,1,4
2020-01-018,18:46,0,3
2020-01-018,15:6,2,4
2020-01-018,5:26,2,3
2020-01-018,11:19,2,0
2020-01-018,17:50,2,3
2020-01-018,7:11,0,4
2020-01-018,15:41,2,3
2020-01-018,21:30,1,0
2020-01-018,0:19,0,2
2020-01-018,1:36,0,2
2020-01-018,11:47,2,1
2020-01-018,20:18,2,1
2020-01-018,14:44,0,1
2020-01-018,11:26,0,2
2020-01-018,22:46,1,2
2020-01-018,11:31,0,2
2020-01-018,0:11,1,0
2020-01-018,13:59,0,4
2020-01-018,1:14,2,4
2020-01-018,9:17,1,3
2020-01-018,21:39,2,3
2020-01-018,11:0,0,4
2020-01-018,5:45,2,3
2020-01-018,7:42,1,4
2020-01-018,17:41,1,3
2020-01-018,9:31,2,0
2020-01-018,20:44,0,0
2020-01-018,2:1,1,0
2020-01-018,6:25,1,0
2020-01-018,2:47,0,1
2020-01-018,6:9,1,4
2020-01-018,7:43,1,0
2020-01-018,10:58,2,0
2020-01-018,21:17,1,3
2020-01-018,18:51,0,0
2020-01-018,7:7,0,3
2020-01-018,9:11,1,0
2020-01-018,22:28,0,4
2020-01-018,9:43,2,0
2020-01-018,6:0,1,4
2020-01-018,4:34,0,3
2020-01-018,15:44,0,3
2020-01-018,23:44,1,3
2020-01-018,15:57,0,3
2020-01-018,11:59,2,1
2020-01-018,3:59,2,2
2020-01-018,19:24,1,0
2020-01-018,22:24,2,2
2020-01-018,5:58,0,3
2020-01-018,8:2,1,3
2020-01-018,16:30,1,1
2020-01-018,9:42,0,1
2020-01-018,8:55,1,3
2020-01-018,23:35,1,3
2020-01-018,20:22,1,2
2020-01-018,11:43,2,2
2020-01-018,12:46,2,4
2020-01-018,23:55,2,3
2020-01-018,12:39,2,4
2020-01-018,7:40,0,0
2020-01-018,16:10,2,0
2020-01-018,21:47,0,4
2020-01-018,6:49,0,4
2020-01-018,22:29,0,3
2020-01-018,10:54,2,4
2020-01-018,14:57,1,0
2020-01-018,19:41,0,0
2020-01-019,17:26,2,0
2020-01-019,7:15,0,2
2020-01-019,6:38,1,2
2020-01-019,0:32,2,3
2020-01-019,3:42,0,1
2020-01-019,5:28,2,0
2020-01-019,16:49,2,2
2020-01-019,16:48,0,4
2020-01-019,17:45,1,4
2020-01-019,0:45,0,4
2020-01-019,10:22,0,1
2020-01-019,15:13,1,3
2020-01-019,3:13,1,0
2020-01-019,21:14,2,2
2020-01-019,1:53,1,2
2020-01-019,0:28,2,0
2020-01-019,13:53,2,1
2020-01-019,19:18,0,0
2020-01-019,14:7,1,3
2020-01-019,11:3,1,2
2020-01-019,20:5,2,0
2020-01-019,14:32,2,4
2020-01-019,9:45,0,3
2020-01-019,16:59,2,0
2020-01-019,4:19,0,3
2020-01-019,19:45,1,1
2020-01-019,2:15,2,4
2020-01-019,8:14,2,4
2020-01-019,1:44,1,3
2020-01-019,9:6,1,1
2020-01-019,15:58,2,3
2020-01-019,4:22,0,1
2020-01-019,10:58,1,1
2020-01-019,10:1,0,4
2020-01-019,13:18,1,3
2020-01-019,21:22,2,1
2020-01-019,5:5,0,0
2020-01-019,1:24,1,2
2020-01-019,15:9,0,0
2020-01-019,19:29,2,0
2020-01-019,7:52,2,4
2020-01-019,19:41,0,1
2020-01-019,18:27,0,1
2020-01-019,4:55,1,0
2020-01-019,1:38,1,3
2020-01-019,20:16,0,4
2020-01-019,23:23,1,3
2020-01-019,1:41,1,0
2020-01-019,10:39,0,3
2020-01-019,2:31,1,2
2020-01-019,8:15,2,1
2020-01-019,18:3,0,4
2020-01-019,8:29,2,3
2020-01-019,15:39,2,2
2020-01-019,23:13,2,1
2020-01-019,9:34,0,3
2020-01-019,2:53,0,0
2020-01-019,14:24,1,4
2020-01-019,15:53,2,1
2020-01-019,20:6,0,0
2020-01-019,14:35,1,2
2020-01-019,4:11,1,2
2020-01-019,10:1,2,3
2020-01-019,19:30,2,4
2020-01-019,23:12,1,2
2020-01-019,22:40,0,2
2020-01-019,8:48,2,4
2020-01-019,6:30,1,3
2020-01-019,13:1,2,4
2020-01-019,0:46,1,1
2020-01-019,18:38,1,1
2020-01-019,20:51,1,4
2020-01-019,18:24,0,0
2020-01-019,7:6,1,1
2020-01-019,15:15,2,4
2020-01-019,3:24,0,0
2020-01-019,21:6,0,3
2020-01-019,13:12,1,4
2020-01-019,6:34,1,0
2020-01-019,3:28,1,4
2020-01-019,8:44,0,0
2020-01-019,2:52,0,1
2020-01-019,5:53,0,2
2020-01-019,9:2,2,3
2020-01-019,15:48,0,4
2020-01-019,23:3,1,2
2020-01-019,15:50,0,3
2020-01-019,20:55,1,3
2020-01-019,2:9,1,2
2020-01-019,7:24,1,0
2020-01-019,16:33,1,2
2020-01-019,18:33,0,1
2020-01-019,5:49,2,0
2020-01-019,4:8,2,0
2020-01-019,18:15,2,2
2020-01-019,12:53,0,2
2020-01-019,3:17,1,1
2020-01-019,10:12,1,4
2020-01-019,13:22,2,2
2020-01-019,13:26,2,2
2020-01-020,2:43,1,3
2020-01-020,3:12,2,3
2020-01-020,15:1,0,2
2020-01-020,23:24,1,4
2020-01-020,21:21,2,0
2020-01-020,1:47,2,0
2020-01-020,16:40,1,1
2020-01-020,16:43,0,0
2020-01-020,0:34,0,2
2020-01-020,9:12,0,4
2020-01-020,12:53,2,3
2020-01-020,12:41,2,1
2020-01-020,1:27,2,2
2020-01-020,4:35,0,4
2020-01-020,8:58,0,0
2020-01-020,3:33,0,1
2020-01-020,5:21,1,0
2020-01-020,4:12,1,4
2020-01-020,7:38,0,2
2020-01-020,11:41,1,0
2020-01-020,23:53,2,2
2020-01-020,16:3,0,2
2020-01-020,9:17,2,3
2020-01-020,22:41,2,4
2020-01-020,19:49,1,0
2020-01-020,9:28,2,1
2020-01-020,2:25,2,0
2020-01-020,14:58,1,4
2020-01-020,8:53,2,2
2020-01-020,9:37,1,0
2020-01-020,12:57,0,1
2020-01-020,18:59,2,1
2020-01-020,13:35,2,1
2020-01-020,18:50,0,0
2020-01-020,23:50,0,0
2020-01-020,15:33,2,3
2020-01-020,9:25,2,4
2020-01-020,1:41,2,4
2020-01-020,2:17,1,0
2020-01-020,3:55,0,0
2020-01-020,4:31,1,1
2020-01-020,2:5,0,4
2020-01-020,4:36,1,3
2020-01-020,3:11,0,1
2020-01-020,17:5,2,0
2020-01-020,21:57,2,4
2020-01-020,15:21,2,0
2020-01-020,8:31,0,3
2020-01-020,4:42,0,4
2020-01-020,19:34,1,1
2020-01-020,23:5,0,0
2020-01-020,12:13,0,0
2020-01-020,14:19,2,1
2020-01-020,21:57,0,4
2020-01-020,3:21,0,2
2020-01-020,6:52,1,1
2020-01-020,17:32,2,3
2020-01-020,12:28,2,2
2020-01-020,21:4,1,0
2020-01-020,17:5,1,2
2020-01-020,15:16,1,0
2020-01-020,2:39,2,3
2020-01-020,10:40,2,3
2020-01-020,4:55,2,3
2020-01-020,16:33,2,3
2020-01-020,3:26,2,3
2020-01-020,10:48,2,4
2020-01-020,5:33,0,0
2020-01-020,11:52,1,0
2020-01-020,17:9,2,3
2020-01-020,19:0,2,4
2020-01-020,14:6,1,1
2020-01-020,12:42,2,3
2020-01-020,21:58,1,3
2020-01-020,4:44,1,0
2020-01-020,23:31,0,0
2020-01-020,18:40,1,4
2020-01-020,17:6,0,2
2020-01-020,14:10,1,1
2020-01-020,16:1,2,0
2020-01-020,19:52,2,3
2020-01-020,20:20,0,3
2020-01-020,16:15,0,4
2020-01-020,18:33,2,2
2020-01-020,9:53,0,4
2020-01-020,22:41,0,0
2020-01-020,8:48,2,3
2020-01-020,3:37,2,2
2020-01-020,16:41,1,0
2020-01-020,16:31,0,4
2020-01-020,8:43,1,0
2020-01-020,15:31,2,0
2020-01-020,15:2,0,2
2020-01-020,2:47,2,2
2020-01-020,16:59,1,1
2020-01-020,5:58,0,2
2020-01-020,10:44,1,4
2020-01-020,9:42,2,2
2020-01-020,5:24,2,3
2020-01-020,16:30,0,4
2020-01-021,23:32,0,2
2020-01-021,21:3,2,4
2020-01-021,17:36,0,0
2020-01-021,12:38,2,2
2020-01-021,9:14,2,1
2020-01-021,3:37,0,4
2020-01-021,8:35,1,4
2020-01-021,22:35,1,3
2020-01-021,21:22,2,2
2020-01-021,4:54,1,3
2020-01-021,1:47,1,0
2020-01-021,7:7,0,4
2020-01-021,1:2,2,0
2020-01-021,20:51,0,0
2020-01-021,11:54,2,1
2020-01-021,2:20,0,3
2020-01-021,20:17,0,3
2020-01-021,8:12,2,2
2020-01-021,4:8,2,2
2020-01-021,12:3,0,0
2020-01-021,8:9,0,3
2020-01-021,23:1,0,4
2020-01-021,18:19,2,0
2020-01-021,15:20,1,0
2020-01-021,14:1,1,1
2020-01-021,19:22,0,0
2020-01-021,7:25,2,4
2020-01-021,17:51,1,3
2020-01-021,13:44,0,1
2020-01-021,9:18,2,0
2020-01-021,22:13,1,1
2020-01-021,17:23,1,1
2020-01-021,15:6,1,4
2020-01-021,21:59,2,3
2020-01-021,17:33,1,0
2020-01-021,6:18,0,3
2020-01-021,0:51,1,0
2020-01-021,13:24,0,2
2020-01-021,19:33,2,3
2020-01-021,6:58,1,2
2020-01-021,2:24,0,3
2020-01-021,10:43,0,1
2020-01-021,18:58,1,3
2020-01-021,15:15,2,4
2020-01-021,10:46,1,0
2020-01-021,15:41,1,3
2020-01-021,22:25,1,2
2020-01-021,0:13,1,0
2020-01-021,0:31,1,4
2020-01-021,11:10,2,0
2020-01-021,14:40,1,1
2020-01-021,9:20,0,2
2020-01-021,18:45,1,3
2020-01-021,5:7,1,4
2020-01-021,10:27,0,3
2020-01-021,4:31,0,0
2020-01-021,1:21,1,2
2020-01-021,4:15,2,0
2020-01-021,8:26,0,2
2020-01-021,10:27,0,0
2020-01-021,10:32,1,2
2020-01-021,20:27,0,1
2020-01-021,21:4,0,2
2020-01-021,12:17,1,1
2020-01-021,4:55,1,2
2020-01-021,16:16,1,3
2020-01-021,11:5,1,1
2020-01-021,3:17,1,1
2020-01-021,9:30,2,0
2020-01-021,17:2,2,1
2020-01-021,8:46,0,1
2020-01-021,22:19,0,1
2020-01-021,6:49,0,4
2020-01-021,17:24,2,2
2020-01-021,22:43,0,1
2020-01-021,2:28,0,1
2020-01-021,10:54,2,3
2020-01-021,19:27,1,3
2020-01-021,23:13,0,3
2020-01-021,20:16,0,0
2020-01-021,10:55,2,3
2020-01-021,3:35,1,4
2020-01-021,4:15,1,0
2020-01-021,7:49,1,3
2020-01-021,16:20,0,3
2020-01-021,20:35,0,3
2020-01-021,15:51,0,2
2020-01-021,6:22,1,4
2020-01-021,4:19,1,1
2020-01-021,15:46,2,1
2020-01-021,12:57,0,0
2020-01-021,12:40,1,2
2020-01-021,8:1,0,2
2020-01-021,13:47,2,4
2020-01-021,23:27,2,3
2020-01-021,4:29,0,4
2020-01-021,4:4,1,0
2020-01-021,1:43,1,1
2020-01-021,9:25,2,3
2020-01-021,17:12,1,4
2020-01-022,15:27,2,4
2020-01-022,12:16,0,3
2020-01-022,19:4,1,2
2020-01-022,23:59,2,0
2020-01-022,9:57,2,1
2020-01-022,12:9,2,3
2020-01-022,22:56,1,4
2020-01-022,2:54,1,1
2020-01-022,0:18,2,0
2020-01-022,4:7,1,1
2020-01-022,16:48,2,4
2020-01-022,5:55,2,0
2020-01-022,17:45,0,2
2020-01-022,18:37,1,3
2020-01-022,14:52,1,4
2020-01-022,19:33,1,3
2020-01-022,20:27,0,3
2020-01-022,22:31,0,3
2020-01-022,15:46,1,3
2020-01-022,12:23,2,2
2020-01-022,10:55,0,3
2020-01-022,12:51,0,0
2020-01-022,1:33,2,2
2020-01-022,19:41,2,2
2020-01-022,1:49,0,2
2020-01-022,4:22,0,0
2020-01-022,22:2,0,2
2020-01-022,10:14,0,3
2020-01-022,4:45,2,4
2020-01-022,1:30,1,4
2020-01-022,19:57,1,4
2020-01-022,16:9,1,4
2020-01-022,23:14,0,0
2020-01-022,15:43,0,2
2020-01-022,4:54,1,3
2020-01-022,10:8,0,4
2020-01-022,15:57,1,0
2020-01-022,15:34,1,0
2020-01-022,0:46,1,3
2020-01-022,7:52,1,1
2020-01-022,21:49,2,2
2020-01-022,8:37,2,3
2020-01-022,20:15,2,1
2020-01-022,2:38,2,4
2020-01-022,5:37,0,4
2020-01-022,23:18,0,4
2020-01-022,23:0,0,0
2020-01-022,11:16,2,4
2020-01-022,12:29,1,4
2020-01-022,9:47,1,3
2020-01-022,18:17,2,4
2020-01-022,17:36,2,3
2020-01-022,16:37,2,4
2020-01-022,23:40,1,0
2020-01-022,6:37,2,2
2020-01-022,8:0,2,1
2020-01-022,15:3,2,0
2020-01-022,8:49,0,0
2020-01-022,9:43,1,4
2020-01-022,5:0,1,0
2020-01-022,23:18,2,1
2020-01-022,15:58,2,0
2020-01-022,22:47,1,4
2020-01-022,1:23,1,4
2020-01-022,7:37,2,3
2020-01-022,18:31,0,3
2020-01-022,0:26,2,3
2020-01-022,16:1,2,2
2020-01-022,0:32,0,2
2020-01-022,20:1,2,2
2020-01-022,1:17,1,3
2020-01-022,10:21,1,3
2020-01-022,11:16,1,4
2020-01-022,2:10,1,1
2020-01-022,8:41,1,0
2020-01-022,4:15,2,4
2020-01-022,19:16,2,3
2020-01-022,10:51,0,0
2020-01-022,7:23,2,0
2020-01-022,10:2,2,3
2020-01-022,4:29,2,3
2020-01-022,17:53,2,3
2020-01-022,3:41,1,4
2020-01-022,7:11,0,3
2020-01-022,23:52,2,3
2020-01-022,15:12,0,2
2020-01-022,11:26,2,4
2020-01-022,2:23,2,2
2020-01-022,2:30,2,2
2020-01-022,3:54,0,1
2020-01-022,16:32,0,2
2020-01-022,11:1,1,3
2020-01-022,9:47,2,2
2020-01-022,13:48,0,2
2020-01-022,15:4,0,4
2020-01-022,4:38,1,4
2020-01-022,19:0,0,1
2020-01-022,22:21,1,4
2020-01-022,14:1,1,3
2020-01-022,6:39,1,2
2020-01-023,3:11,1,4
2020-01-023,19:33,0,4
2020-01-023,16:26,2,1
2020-01-023,5:10,0,0
2020-01-023,1:51,2,1
2020-01-023,23:55,0,4
2020-01-023,13:55,2,1
2020-01-023,5:51,0,3
2020-01-023,2:1,1,3
2020-01-023,3:54,0,2
2020-01-023,10:37,2,0
2020-01-023,1:14,1,1
2020-01-023,14:39,2,1
2020-01-023,9:55,0,3
2020-01-023,13:50,1,4
2020-01-023,0:57,1,1
2020-01-023,20:44,0,4
2020-01-023,1:54,0,2
2020-01-023,13:0,1,4
2020-01-023,12:38,1,2
2020-01-023,2:23,1,1
2020-01-023,15:45,1,1
2020-01-023,13:55,0,4
2020-01-023,5:59,2,2
2020-01-023,0:47,1,1
2020-01-023,8:50,1,1
2020-01-023,7:2,1,1
2020-01-023,9:8,2,4
2020-01-023,9:35,0,1
2020-01-023,14:38,1,4
2020-01-023,21:6,0,3
2020-01-023,3:54,2,1
2020-01-023,3:56,2,0
2020-01-023,17:58,1,4
2020-01-023,17:57,0,3
2020-01-023,1:33,1,1
2020-01-023,1:47,1,4
2020-01-023,19:45,2,4
2020-01-023,19:50,1,0
2020-01-023,19:5,0,3
2020-01-023,17:20,1,3
2020-01-023,7:26,1,3
2020-01-023,7:29,0,4
2020-01-023,2:42,0,2
2020-01-023,23:41,1,3
2020-01-023,11:52,2,2
2020-01-023,2:55,2,2
2020-01-023,0:4,0,4
2020-01-023,3:58,1,2
2020-01-023,3:14,0,0
2020-01-023,14:52,2,4
2020-01-023,2:10,2,0
2020-01-023,0:37,1,0
2020-01-023,21:9,1,1
2020-01-023,19:3,1,1
2020-01-023,17:0,2,3
2020-01-023,0:10,0,1
2020-01-023,19:20,0,1
2020-01-023,10:35,2,4
2020-01-023,1:10,1,1
2020-01-023,4:26,2,4
2020-01-023,3:42,2,2
2020-01-023,21:1,1,0
2020-01-023,17:51,1,0
2020-01-023,4:59,1,0
2020-01-023,5:8,1,1
2020-01-023,8:21,1,3
2020-01-023,13:0,2,3
2020-01-023,11:1,2,3
2020-01-023,20:9,0,3
2020-01-023,14:52,0,2
2020-01-023,17:10,2,0
2020-01-023,10:41,1,4
2020-01-023,13:43,0,1
2020-01-023,5:50,0,3
2020-01-023,23:53,1,1
2020-01-023,21:56,1,1
2020-01-023,14:11,0,4
2020-01-023,16:49,0,3
2020-01-023,4:24,1,2
2020-01-023,18:17,1,4
2020-01-023,17:29,2,4
2020-01-023,7:48,1,1
2020-01-023,14:9,1,3
2020-01-023,3:11,2,1
2020-01-023,14:11,2,2
2020-01-023,8:50,0,4
2020-01-023,18:18,1,4
2020-01-023,4:1,1,2
2020-01-023,13:59,1,0
2020-01-023,16:39,1,1
2020-01-023,21:21,2,4
2020-01-023,14:24,2,3
2020-01-023,1:46,1,4
2020-01-023,20:44,1,1
2020-01-023,1:14,2,3
2020-01-023,0:5,1,0
2020-01-023,10:33,1,4
2020-01-023,8:30,2,3
2020-01-023,23:24,2,4
2020-01-024,0:21,2,2
2020-01-024,17:49,2,0
2020-01-024,12:31,0,1
2020-01-024,14:0,1,1
2020-01-024,5:12,1,2
2020-01-024,10:6,2,4
2020-01-024,12:8,1,4
2020-01-024,13:15,0,3
2020-01-024,10:9,0,4
2020-01-024,19:12,2,1
2020-01-024,2:24,2,1
2020-01-024,3:3,0,2
2020-01-024,12:36,1,4
2020-01-024,12:4,0,4
2020-01-024,11:30,0,4
2020-01-024,10:15,2,3
2020-01-024,11:31,2,2
2020-01-024,21:26,0,1
2020-01-024,3:5,0,0
2020-01-024,4:42,0,1
2020-01-024,9:14,1,1
2020-01-024,15:27,2,4
2020-01-024,2:2,0,4
2020-01-024,16:36,1,3
2020-01-024,13:9,2,2
2020-01-024,1:52,2,1
2020-01-024,5:15,2,1
2020-01-024,1:28,2,0
2020-01-024,2:17,1,0
2020-01-024,17:34,0,1
2020-01-024,7:1,1,4
2020-01-024,0:14,2,1
2020-01-024,4:2,2,4
2020-01-024,22:27,0,0
2020-01-024,15:26,0,0
2020-01-024,5:50,2,3
2020-01-024,21:42,2,2
2020-01-024,11:48,1,3
2020-01-024,21:54,2,0
2020-01-024,12:32,0,4
2020-01-024,8:27,2,4
2020-01-024,6:17,1,3
2020-01-024,21:24,0,0
2020-01-024,21:22,2,2
2020-01-024,4:38,1,0
2020-01-024,12:12,1,4
2020-01-024,12:7,1,4
2020-01-024,17:57,0,4
2020-01-024,19:11,1,2
2020-01-024,13:22,1,1
2020-01-024,5:3,0,3
2020-01-024,18:48,2,4
2020-01-024,22:18,1,3
2020-01-024,21:43,1,1
2020-01-024,5:57,2,4
2020-01-024,4:56,0,0
2020-01-024,10:39,0,3
2020-01-024,21:8,1,3
2020-01-024,11:53,1,3
2020-01-024,21:38,2,2
2020-01-024,11:26,0,4
2020-01-024,22:52,1,4
2020-01-024,6:26,0,4
2020-01-024,12:3,2,4
2020-01-024,21:50,1,0
2020-01-024,11:57,2,4
2020-01-024,22:55,2,2
2020-01-024,22:4,0,0
2020-01-024,18:50,1,1
2020-01-024,15:35,0,2
2020-01-024,12:50,2,0
2020-01-024,14:35,2,1
2020-01-024,14:27,1,1
2020-01-024,21:23,2,3
2020-01-024,6:19,2,4
2020-01-024,2:29,1,4
2020-01-024,22:9,0,1
2020-01-024,6:52,0,1
2020-01-024,20:56,0,3
2020-01-024,1:42,1,3
2020-01-024,5:31,2,3
2020-01-024,16:14,2,0
2020-01-024,18:8,0,0
2020-01-024,15:22,0,1
2020-01-024,19:24,0,0
2020-01-024,4:47,0,1
2020-01-024,12:58,0,2
2020-01-024,13:49,0,3
2020-01-024,2:17,2,3
2020-01-024,9:17,0,2
2020-01-024,0:39,0,1
2020-01-024,17:35,2,2
2020-01-024,7:28,2,4
2020-01-024,18:9,2,2
2020-01-024,6:58,1,4
2020-01-024,1:5,1,0
2020-01-024,19:3,1,2
2020-01-024,17:49,2,0
2020-01-024,0:15,0,2
2020-01-024,5:14,1,0
2020-01-025,3:30,1,1
2020-01-025,22:38,2,3
2020-01-025,13:34,0,4
2020-01-025,22:10,1,4
2020-01-025,16:27,1,0
2020-01-025,21:28,2,0
2020-01-025,9:0,2,4
2020-01-025,9:38,1,0
2020-01-025,9:26,0,0
2020-01-025,21:31,2,2
2020-01-025,8:36,1,0
2020-01-025,18:45,2,2
2020-01-025,23:10,2,2
2020-01-025,5:38,0,0
2020-01-025,9:18,1,4
2020-01-025,12:44,0,0
2020-01-025,20:22,2,1
2020-01-025,8:57,2,4
2020-01-025,13:17,1,1
2020-01-025,5:31,1,3
2020-01-025,8:19,0,3
2020-01-025,13:17,2,2
2020-01-025,5:15,0,0
2020-01-025,22:57,2,1
2020-01-025,20:6,1,4
2020-01-025,16:12,1,2
2020-01-025,12:3,2,2
2020-01-025,2:47,0,4
2020-01-025,22:42,2,1
2020-01-025,8:21,2,4
2020-01-025,10:20,0,0
2020-01-025,8:16,1,0
2020-01-025,16:17,0,0
2020-01-025,9:17,1,0
2020-01-025,7:37,0,3
2020-01-025,18:36,1,0
2020-01-025,13:35,0,2
2020-01-025,9:21,2,3
2020-01-025,14:36,2,3
2020-01-025,21:38,2,3
2020-01-025,12:9,1,0
2020-01-025,9:13,2,0
2020-01-025,13:36,0,4
2020-01-025,18:18,2,3
2020-01-025,17:1,1,4
2020-01-025,13:24,0,4
2020-01-025,15:56,1,0
2020-01-025,12:21,1,2
2020-01-025,3:53,2,4
2020-01-025,20:58,1,2
2020-01-025,8:8,1,2
2020-01-025,10:56,0,2
2020-01-025,22:15,0,0
2020-01-025,22:40,2,0
2020-01-025,20:16,1,3
2020-01-025,19:35,1,3
2020-01-025,18:52,1,3
2020-01-025,7:59,2,2
2020-01-025,22:43,1,2
2020-01-025,17:39,2,2
2020-01-025,12:8,2,0
2020-01-025,0:49,2,3
2020-01-025,6:11,2,0
2020-01-025,7:49,0,1
2020-01-025,1:50,0,2
2020-01-025,14:10,1,4
2020-01-025,14:47,1,2
2020-01-025,19:39,2,0
2020-01-025,16:18,1,0
2020-01-025,19:24,0,1
2020-01-025,5:39,2,4
2020-01-025,19:16,0,4
2020-01-025,10:24,0,2
2020-01-025,6:1,0,1
2020-01-025,7:8,0,0
2020-01-025,7:4,0,3
2020-01-025,22:42,1,1
2020-01-025,14:28,2,0
2020-01-025,14:21,0,1
2020-01-025,3:1,0,1
2020-01-025,22:39,0,2
2020-01-025,5:23,1,2
2020-01-025,1:45,2,0
2020-01-025,9:5,2,0
2020-01-025,8:52,1,2
2020-01-025,10:34,0,2
2020-01-025,13:5,0,2
2020-01-025,15:11,0,2
2020-01-025,23:38,0,4
2020-01-025,14:42,2,1
2020-01-025,23:16,2,3
2020-01-025,3:44,0,1
2020-01-025,22:53,2,4
2020-01-025,12:32,2,0
2020-01-025,22:42,0,4
2020-01-025,19:45,1,4
2020-01-025,0:20,1,4
2020-01-025,21:23,1,2
2020-01-025,10:56,1,4
2020-01-025,5:35,0,1
2020-01-026,19:32,2,4
2020-01-026,20:11,1,3
2020-01-026,2:43,2,1
2020-01-026,4:29,2,1
2020-01-026,13:38,2,2
2020-01-026,21:38,2,0
2020-01-026,22:10,1,4
2020-01-026,3:24,1,2
2020-01-026,4:6,1,2
2020-01-026,3:25,1,0
2020-01-026,17:56,0,1
2020-01-026,15:57,1,2
2020-01-026,18:39,1,4
2020-01-026,3:46,0,0
2020-01-026,11:3,0,0
2020-01-026,16:38,0,4
2020-01-026,16:46,2,0
2020-01-026,22:17,2,3
2020-01-026,23:18,0,4
2020-01-026,20:38,1,4
2020-01-026,23:18,0,0
2020-01-026,0:5,0,3
2020-01-026,18:35,2,1
2020-01-026,16:4,1,3
2020-01-026,10:10,0,2
2020-01-026,15:53,2,4
2020-01-026,3:44,1,2
2020-01-026,19:11,1,2
2020-01-026,21:38,2,3
2020-01-026,10:36,2,1
2020-01-026,5:2,2,3
2020-01-026,8:58,2,3
2020-01-026,4:41,1,2
2020-01-026,1:0,1,1
2020-01-026,15:59,0,2
2020-01-026,17:26,1,2
2020-01-026,19:49,1,3
2020-01-026,12:15,1,2
2020-01-026,12:24,1,3
2020-01-026,0:33,1,2
2020-01-026,15:24,1,3
2020-01-026,1:50,1,4
2020-01-026,16:52,2,2
2020-01-026,23:40,2,4
2020-01-026,0:28,1,0
2020-01-026,2:21,0,4
2020-01-026,4:51,1,4
2020-01-026,14:56,0,4
2020-01-026,20:22,2,4
2020-01-026,20:6,2,3
2020-01-026,1:21,2,3
2020-01-026,3:39,2,3
2020-01-026,4:15,1,3
2020-01-026,4:27,0,1
2020-01-026,5:8,0,0
2020-01-026,23:55,0,0
2020-01-026,15:14,0,0
2020-01-026,4:41,2,0
2020-01-026,8:24,2,3
2020-01-026,8:38,0,4
2020-01-026,10:3,0,1
2020-01-026,1:16,0,2
2020-01-026,11:4,0,2
2020-01-026,16:21,2,4
2020-01-026,17:10,2,1
2020-01-026,10:10,0,1
2020-01-026,7:56,2,2
2020-01-026,19:59,0,4
2020-01-026,15:29,1,2
2020-01-026,14:17,0,2
2020-01-026,15:50,1,1
2020-01-026,7:34,0,0
2020-01-026,21:56,2,4
2020-01-026,10:49,0,3
2020-01-026,20:49,1,0
2020-01-026,3:48,1,3
2020-01-026,8:27,1,1
2020-01-026,21:32,1,0
2020-01-026,13:9,1,1
2020-01-026,22:9,1,1
2020-01-026,4:28,2,1
2020-01-026,20:53,2,1
2020-01-026,1:26,1,4
2020-01-026,13:17,0,2
2020-01-026,5:55,1,1
2020-01-026,0:40,2,0
2020-01-026,3:50,0,1
2020-01-026,11:34,1,3
2020-01-026,0:41,2,3
2020-01-026,5:29,1,0
2020-01-026,20:12,0,2
2020-01-026,17:39,1,0
2020-01-026,1:52,2,2
2020-01-026,23:47,2,2
2020-01-026,7:10,0,4
2020-01-026,4:10,0,4
2020-01-026,9:23,0,2
2020-01-026,2:34,2,3
2020-01-026,9:1,2,1
2020-01-026,19:35,1,1
2020-01-027,23:53,1,4
2020-01-027,2:30,1,2
2020-01-027,3:19,0,3
2020-01-027,11:9,2,1
2020-01-027,0:57,0,3
2020-01-027,11:4,0,4
2020-01-027,16:46,0,3
2020-01-027,7:52,2,1
2020-01-027,1:23,0,1
2020-01-027,8:34,2,1
2020-01-027,9:10,0,1
2020-01-027,7:26,1,0
2020-01-027,13:11,0,0
2020-01-027,0:20,1,3
2020-01-027,12:44,0,4
2020-01-027,2:33,1,2
2020-01-027,11:47,2,3
2020-01-027,2:20,0,0
2020-01-027,20:34,2,4
2020-01-027,6:36,2,0
2020-01-027,15:34,1,4
2020-01-027,2:40,2,0
2020-01-027,6:38,1,0
2020-01-027,7:55,0,1
2020-01-027,19:24,1,0
2020-01-027,18:17,1,1
2020-01-027,13:10,0,3
2020-01-027,10:47,2,4
2020-01-027,3:11,1,0
2020-01-027,0:50,0,2
2020-01-027,8:11,1,3
2020-01-027,2:27,2,4
2020-01-027,21:50,1,4
2020-01-027,2:53,0,3
2020-01-027,18:26,2,2
2020-01-027,16:55,2,1
2020-01-027,10:57,0,3
2020-01-027,9:38,0,2
2020-01-027,20:24,2,2
2020-01-027,0:32,0,3
2020-01-027,16:22,0,2
2020-01-027,7:41,2,4
2020-01-027,16:9,2,2
2020-01-027,13:10,1,3
2020-01-027,11:42,2,1
2020-01-027,17:18,2,2
2020-01-027,9:41,1,4
2020-01-027,9:27,1,3
2020-01-027,18:8,0,4
2020-01-027,21:16,1,2
2020-01-027,17:52,1,1
2020-01-027,19:30,1,2
2020-01-027,19:10,1,2
2020-01-027,10:39,2,4
2020-01-027,12:5,1,1
2020-01-027,12:58,2,0
2020-01-027,5:12,0,0
2020-01-027,5:45,0,2
2020-01-027,13:1,0,0
2020-01-027,19:23,2,3
2020-01-027,19:36,2,0
2020-01-027,22:26,0,4
2020-01-027,3:24,0,0
2020-01-027,13:2,2,4
2020-01-027,20:15,1,2
2020-01-027,17:17,2,0
2020-01-027,20:54,2,3
2020-01-027,11:37,0,2
2020-01-027,19:22,1,4
2020-01-027,7:52,0,3
2020-01-027,4:43,0,1
2020-01-027,12:58,2,3
2020-01-027,22:51,2,4
2020-01-027,16:45,2,0
2020-01-027,5:5,1,0
2020-01-027,10:21,1,2
2020-01-027,19:15,0,1
2020-01-027,15:37,0,1
2020-01-027,22:37,1,1
2020-01-027,14:30,2,2
2020-01-027,13:0,2,2
2020-01-027,7:35,0,4
2020-01-027,5:14,2,4
2020-01-027,21:53,1,2
2020-01-027,10:50,0,1
2020-01-027,19:7,2,1
2020-01-027,6:14,2,2
2020-01-027,13:59,2,2
2020-01-027,1:14,1,4
2020-01-027,13:21,2,1
2020-01-027,13:54,0,0
2020-01-027,20:28,1,2
2020-01-027,20:13,1,0
2020-01-027,8:26,1,0
2020-01-027,12:1,2,2
2020-01-027,10:44,0,1
2020-01-027,11:57,1,1
2020-01-027,0:16,2,3
2020-01-027,11:52,1,0
2020-01-027,13:49,1,1
2020-01-028,15:55,2,2
2020-01-028,22:59,0,4
2020-01-028,11:16,1,0
2020-01-028,19:23,0,3
2020-01-028,2:28,0,2
2020-01-028,10:14,0,1
2020-01-028,13:36,0,4
2020-01-028,4:46,0,1
2020-01-028,9:6,0,0
2020-01-028,22:51,1,0
2020-01-028,4:54,0,0
2020-01-028,2:44,1,3
2020-01-028,3:16,0,1
2020-01-028,14:10,0,0
2020-01-028,16:40,0,3
2020-01-028,14:1,2,2
2020-01-028,4:41,2,0
2020-01-028,21:5,2,1
2020-01-028,19:34,1,3
2020-01-028,20:9,1,1
2020-01-028,22:2,1,3
2020-01-028,3:46,2,0
2020-01-028,15:17,2,0
2020-01-028,2:49,0,1
2020-01-028,8:50,2,3
2020-01-028,12:55,1,1
2020-01-028,22:54,1,0
2020-01-028,20:5,0,2
2020-01-028,20:26,2,1
2020-01-028,0:52,0,3
2020-01-028,8:57,2,3
2020-01-028,22:28,0,3
2020-01-028,10:59,0,4
2020-01-028,5:58,2,2
2020-01-028,9:2,2,0
2020-01-028,3:35,1,3
2020-01-028,22:42,2,4
2020-01-028,3:4,0,3
2020-01-028,12:23,0,1
2020-01-028,19:14,1,0
2020-01-028,16:44,0,3
2020-01-028,23:15,2,3
2020-01-028,0:42,2,0
2020-01-028,4:44,2,2
2020-01-028,15:2,2,1
2020-01-028,1:17,1,2
2020-01-028,11:43,1,4
2020-01-028,8:15,2,1
2020-01-028,19:39,2,4
2020-01-028,9:13,1,2
2020-01-028,8:59,0,4
2020-01-028,13:43,2,1
2020-01-028,13:55,1,0
2020-01-028,12:41,2,4
2020-01-028,15:22,1,3
2020-01-028,2:57,2,1
2020-01-028,1:16,1,0
2020-01-028,17:44,1,0
2020-01-028,16:44,0,1
2020-01-028,17:18,2,2
2020-01-028,22:5,2,1
2020-01-028,10:13,2,4
2020-01-028,19:27,0,1
2020-01-028,21:6,2,2
2020-01-028,9:21,2,0
2020-01-028,1:24,2,2
2020-01-028,13:39,2,1
2020-01-028,22:10,2,3
2020-01-028,11:48,0,0
2020-01-028,10:11,1,3
2020-01-028,19:20,0,4
2020-01-028,6:0,0,0
2020-01-028,23:15,1,1
2020-01-028,4:10,0,4
2020-01-028,22:47,1,3
2020-01-028,4:54,0,4
2020-01-028,3:21,1,0
2020-01-028,11:25,0,0
2020-01-028,8:20,1,2
2020-01-028,10:22,1,3
2020-01-028,19:13,1,4
2020-01-028,5:49,0,3
2020-01-028,2:39,2,1
2020-01-028,20:7,1,2
2020-01-028,11:57,0,1
2020-01-028,19:34,2,2
2020-01-028,20:36,0,1
2020-01-028,5:21,0,4
2020-01-028,7:3,1,4
2020-01-028,13:42,1,4
2020-01-028,6:51,2,2
2020-01-028,19:35,1,3
2020-01-028,20:55,2,3
2020-01-028,17:59,0,3
2020-01-028,0:44,1,1
2020-01-028,0:5,2,1
2020-01-028,20:6,0,3
2020-01-028,17:1,2,4
2020-01-028,1:17,0,2
2020-01-028,17:47,1,4
2020-01-029,6:57,1,3
2020-01-029,14:6,0,1
2020-01-029,19:57,1,2
2020-01-029,0:10,1,2
2020-01-029,11:13,2,3
2020-01-029,10:53,2,3
2020-01-029,7:41,2,4
2020-01-029,15:51,2,0
2020-01-029,15:27,2,0
2020-01-029,6:9,1,2
2020-01-029,21:45,1,1
2020-01-029,10:26,2,1
2020-01-029,2:23,0,0
2020-01-029,12:56,1,0
2020-01-029,17:41,2,1
2020-01-029,5:34,1,0
2020-01-029,8:22,2,4
2020-01-029,8:48,1,0
2020-01-029,17:38,0,2
2020-01-029,18:11,0,1
2020-01-029,22:28,0,1
2020-01-029,1:28,1,0
2020-01-029,23:47,0,1
2020-01-029,2:38,2,2
2020-01-029,22:29,2,0
2020-01-029,12:40,2,4
2020-01-029,4:51,2,1
2020-01-029,8:31,1,4
2020-01-029,19:18,1,3
2020-01-029,2:8,1,1
2020-01-029,15:51,2,1
2020-01-029,18:42,2,4
2020-01-029,4:54,1,2
2020-01-029,10:57,0,2
2020-01-029,21:19,0,0
2020-01-029,18:28,2,3
2020-01-029,13:52,1,2
2020-01-029,5:32,1,3
2020-01-029,10:36,1,0
2020-01-029,2:47,2,3
2020-01-029,0:54,2,1
2020-01-029,21:49,2,1
2020-01-029,19:5,2,3
2020-01-029,16:52,0,0
2020-01-029,14:5,2,3
2020-01-029,13:3,1,2
2020-01-029,14:20,1,0
2020-01-029,6:2,1,2
2020-01-029,14:52,1,4
2020-01-029,8:48,0,1
2020-01-029,19:56,0,1
2020-01-029,20:47,2,1
2020-01-029,7:17,1,2
2020-01-029,7:10,0,3
2020-01-029,2:38,1,2
2020-01-029,14:35,0,3
2020-01-029,13:49,2,1
2020-01-029,11:37,1,0
2020-01-029,18:24,1,1
2020-01-029,15:7,0,2
2020-01-029,3:17,1,4
2020-01-029,23:0,2,4
2020-01-029,11:21,2,2
2020-01-029,2:49,1,0
2020-01-029,11:45,2,4
2020-01-029,1:24,1,3
2020-01-029,16:15,0,1
2020-01-029,3:3,1,0
2020-01-029,20:20,2,4
2020-01-029,7:15,0,0
2020-01-029,12:35,1,1
2020-01-029,14:9,2,1
2020-01-029,0:13,1,2
2020-01-029,12:7,1,3
2020-01-029,13:10,2,3
2020-01-029,23:2,0,1
2020-01-029,1:47,0,3
2020-01-029,6:42,2,1
2020-01-029,15:25,2,3
2020-01-029,15:32,2,0
2020-01-029,18:51,1,0
2020-01-029,0:56,0,3
2020-01-029,4:55,0,4
2020-01-029,1:30,0,3
2020-01-029,11:52,1,0
2020-01-029,14:56,0,4
2020-01-029,16:27,2,0
2020-01-029,17:17,0,0
2020-01-029,6:51,1,0
2020-01-029,23:7,2,3
2020-01-029,10:6,1,1
2020-01-029,10:21,2,2
2020-01-029,5:30,2,1
2020-01-029,10:4,0,1
2020-01-029,10:31,0,1
2020-01-029,20:2,0,4
2020-01-029,16:41,0,4
2020-01-029,11:55,1,2
2020-01-029,5:23,0,2
2020-01-029,9:8,1,0
2020-01-030,14:9,0,3
2020-01-030,15:43,0,3
2020-01-030,8:29,2,4
2020-01-030,0:38,0,1
2020-01-030,19:48,0,3
2020-01-030,22:27,0,4
2020-01-030,1:51,0,4
2020-01-030,18:31,1,3
2020-01-030,19:57,2,3
2020-01-030,22:43,1,1
2020-01-030,16:37,0,2
2020-01-030,8:18,1,4
2020-01-030,10:31,0,2
2020-01-030,12:49,1,2
2020-01-030,6:35,0,4
2020-01-030,1:25,0,0
2020-01-030,0:55,1,0
2020-01-030,2:34,2,3
2020-01-030,21:46,0,3
2020-01-030,5:14,1,2
2020-01-030,8:36,1,0
2020-01-030,23:17,1,0
2020-01-030,0:9,1,1
2020-01-030,21:17,1,4
2020-01-030,22:52,2,2
2020-01-030,0:6,2,1
2020-01-030,11:58,2,3
2020-01-030,23:45,1,0
2020-01-030,21:54,0,1
2020-01-030,9:39,1,3
2020-01-030,23:28,1,0
2020-01-030,2:4,1,2
2020-01-030,9:5,1,4
2020-01-030,11:30,1,3
2020-01-030,23:34,2,2
2020-01-030,11:45,1,0
2020-01-030,4:18,0,3
2020-01-030,12:28,2,2
2020-01-030,12:50,1,1
2020-01-030,19:5,2,4
2020-01-030,2:56,0,2
2020-01-030,4:8,2,4
2020-01-030,17:52,2,0
2020-01-030,15:28,2,2
2020-01-030,1:37,0,3
2020-01-030,16:4,0,2
2020-01-030,17:11,0,4
2020-01-030,8:42,0,1
2020-01-030,9:5,2,4
2020-01-030,11:9,2,3
2020-01-030,1:57,2,4
2020-01-030,5:58,1,2
2020-01-030,5:24,1,3
2020-01-030,1:38,2,3
2020-01-030,15:4,2,1
2020-01-030,23:5,1,1
2020-01-030,4:52,2,0
2020-01-030,9:20,0,0
2020-01-030,21:16,2,0
2020-01-030,11:30,0,1
2020-01-030,0:21,1,1
2020-01-030,14:21,0,2
2020-01-030,4:10,0,1
2020-01-030,5:53,0,1
2020-01-030,3:22,0,2
2020-01-030,1:50,1,1
2020-01-030,5:28,2,2
2020-01-030,13:1,2,1
2020-01-030,14:58,1,2
2020-01-030,16:20,1,1
2020-01-030,16:7,0,3
2020-01-030,23:27,1,0
2020-01-030,4:12,2,3
2020-01-030,1:36,1,0
2020-01-030,10:34,0,2
2020-01-030,5:20,0,3
2020-01-030,10:51,0,4
2020-01-030,19:53,2,0
2020-01-030,19:55,1,4
2020-01-030,10:27,0,2
2020-01-030,2:10,2,4
2020-01-030,3:30,2,1
2020-01-030,3:26,1,3
2020-01-030,14:48,1,0
2020-01-030,20:5,0,0
2020-01-030,7:20,1,0
2020-01-030,17:57,0,4
2020-01-030,6:39,1,2
2020-01-030,23:2,0,3
2020-01-030,17:7,1,0
2020-01-030,17:34,2,3
2020-01-030,13:8,0,2
2020-01-030,2:56,0,0
2020-01-030,7:8,0,1
2020-01-030,23:35,0,4
2020-01-030,1:46,0,3
2020-01-030,19:1,0,1
2020-01-030,16:16,1,2
2020-01-030,7:28,2,2
2020-01-030,7:3,2,3
